CREATE DATABASE  IF NOT EXISTS `desputados` /*!40100 DEFAULT CHARACTER SET utf8 */;
USE `desputados`;
-- MySQL dump 10.13  Distrib 5.6.17, for Win32 (x86)
--
-- Host: localhost    Database: desputados
-- ------------------------------------------------------
-- Server version	5.1.73-community

/*!40101 SET @OLD_CHARACTER_SET_CLIENT=@@CHARACTER_SET_CLIENT */;
/*!40101 SET @OLD_CHARACTER_SET_RESULTS=@@CHARACTER_SET_RESULTS */;
/*!40101 SET @OLD_COLLATION_CONNECTION=@@COLLATION_CONNECTION */;
/*!40101 SET NAMES utf8 */;
/*!40103 SET @OLD_TIME_ZONE=@@TIME_ZONE */;
/*!40103 SET TIME_ZONE='+00:00' */;
/*!40014 SET @OLD_UNIQUE_CHECKS=@@UNIQUE_CHECKS, UNIQUE_CHECKS=0 */;
/*!40014 SET @OLD_FOREIGN_KEY_CHECKS=@@FOREIGN_KEY_CHECKS, FOREIGN_KEY_CHECKS=0 */;
/*!40101 SET @OLD_SQL_MODE=@@SQL_MODE, SQL_MODE='NO_AUTO_VALUE_ON_ZERO' */;
/*!40111 SET @OLD_SQL_NOTES=@@SQL_NOTES, SQL_NOTES=0 */;

--
-- Table structure for table `alternativas`
--

DROP TABLE IF EXISTS `alternativas`;
/*!40101 SET @saved_cs_client     = @@character_set_client */;
/*!40101 SET character_set_client = utf8 */;
CREATE TABLE `alternativas` (
  `ID` int(11) NOT NULL AUTO_INCREMENT,
  `ID_QUESTAO` int(11) NOT NULL,
  `DESCRICAO` varchar(3000) NOT NULL,
  `CERTO` bit(1) NOT NULL,
  PRIMARY KEY (`ID`),
  KEY `FK_QUESTAO_idx` (`ID_QUESTAO`),
  CONSTRAINT `FK_QUESTAO` FOREIGN KEY (`ID_QUESTAO`) REFERENCES `questoes` (`ID`) ON DELETE NO ACTION ON UPDATE NO ACTION
) ENGINE=InnoDB AUTO_INCREMENT=546 DEFAULT CHARSET=utf8;
/*!40101 SET character_set_client = @saved_cs_client */;

--
-- Dumping data for table `alternativas`
--

LOCK TABLES `alternativas` WRITE;
/*!40000 ALTER TABLE `alternativas` DISABLE KEYS */;
INSERT INTO `alternativas` VALUES (1,1,'transmissão de hábitos alimentares entre gerações','\0'),(2,1,'dependência da sabedoria de seus ancestrais.','\0'),(3,1,'representação do corpo em seus rituais.',''),(4,1,'importância dos elementos da natureza.','\0'),(5,1,'preservação da estrutura familiar','\0'),(6,2,'conferem imunidade passiva.','\0'),(7,2,'transferem células de defesa.','\0'),(8,2,'suprimem a resposta imunológica.','\0'),(9,2,'estimulam a produção de anticorpos.',''),(10,2,'desencadeiam a produção de antígenos.','\0'),(11,3,'etanol, obtido a partir da decomposição da matéria orgânica por bactérias.','\0'),(12,3,'gás natural, formado pela ação de fungos decom - positores da matéria orgânica.','\0'),(13,3,'óleo de xisto, obtido pela decomposição da matéria orgânica pelas bactérias anaeróbias.','\0'),(14,3,'gás metano, obtido pela atividade de bactérias anaeróbias na decomposição da matéria orgânica.',''),(15,3,'gás liquefeito de petróleo, obtido pela decomposição de vegetais presentes nos restos de comida.','\0'),(16,4,'a vitaminas A e E.','\0'),(17,4,'frutose e sacarose.','\0'),(18,4,'aminoácidos naturais.','\0'),(19,4,'aminoácidos essenciais.',''),(20,4,'ácidos graxos saturados.','\0'),(21,5,'modificação de características.',''),(22,5,'incremento no tamanho corporal.','\0'),(23,5,'complexificação de seus sistemas.','\0'),(24,5,'melhoria de processos e estruturas.','\0'),(25,5,'especialização para uma determinada finalidade.','\0'),(26,6,'I.','\0'),(27,6,'II.','\0'),(28,6,'III.','\0'),(29,6,'IV.','\0'),(30,6,'V.',''),(31,7,'1','\0'),(32,7,'2',''),(33,7,'3','\0'),(34,7,'4','\0'),(35,7,'5','\0'),(36,8,'Fixação de nitrogênio para o tomateiro.','\0'),(37,8,'Disponibilização de cálcio para o tomateiro.','\0'),(38,8,'Diminuição da quantidade de ferro disponível para o fungo.',''),(39,8,'Liberação de substâncias que inibem o crescimento do fungo.','\0'),(40,8,'Liberação de auxinas que estimulam o crescimento do tomateiro.','\0'),(41,9,'Consumidor primário, pois ataca diretamente uma espécie herbívora.','\0'),(42,9,'Consumidor secundário, pois se alimenta diretamente dos tecidos da lagarta.','\0'),(43,9,'Organismo heterótrofo de primeira ordem, pois se alimenta de pólen na fase adulta.','\0'),(44,9,'Organismo heterótrofo de segunda ordem, pois resenta o maior nível energético na cadeia.',''),(45,9,'Decompositor, pois se alimenta de tecidos do interior do corpo da lagarta e a leva à morte.','\0'),(46,10,'nulo.',''),(47,10,'paralelo à sua velocidade linear e no mesmo sentido.','\0'),(48,10,'paralelo à sua velocidade linear e no sentido oposto.','\0'),(49,10,'perpendicular à sua velocidade linear e dirigido para o centro da Terra.','\0'),(50,10,'perpendicular à sua velocidade linear e dirigido para fora da superfície da Terra.','\0'),(51,11,'','\0'),(52,11,'','\0'),(53,11,'',''),(54,11,'','\0'),(55,11,'','\0'),(56,12,'maior pressão de vapor.','\0'),(57,12,'menor massa molecular.','\0'),(58,12,'maior compressibilidade.','\0'),(59,12,'menor energia de ativação.','\0'),(60,12,'menor capacidade calorífica.',''),(61,13,'B, pois a corrente será maior nesse caso.','\0'),(62,13,'B, pois a potência total será maior nesse caso.','\0'),(63,13,'A, pois a resistência equivalente será menor nesse caso.',''),(64,13,'B, pois o gerador fornecerá uma maior tensão nesse caso.','\0'),(65,13,'A, pois a potência dissipada pelo gerador será menor nesse caso.','\0'),(66,14,'69 120.','\0'),(67,14,'17 280.','\0'),(68,14,'11 520.',''),(69,14,'8 640.','\0'),(70,14,'2 880.','\0'),(71,15,'a esquerda e o ímã para a direita com polaridade invertida.',''),(72,15,'direita e o ímã para a esquerda com polaridade invertida.','\0'),(73,15,'esquerda e o ímã para a esquerda com mesma polaridade.','\0'),(74,15,'direita e manter o ímã em repouso com polaridade invertida.','\0'),(75,15,'esquerda e manter o ímã em repouso com mesma polaridade.','\0'),(76,16,'da luz visível.','\0'),(77,16,'do ultravioleta.','\0'),(78,16,'do infravermelho.',''),(79,16,'das micro-ondas.','\0'),(80,16,'das ondas longas de rádio.','\0'),(81,17,'Fissão do material radioativo.','\0'),(82,17,'Condensação do vapor-d’água no final do processo.',''),(83,17,'Conversão de energia das turbinas pelos geradores.','\0'),(84,17,'Aquecimento da água líquida para gerar vapor-d’água.','\0'),(85,17,'Lançamento do vapor-d’água sobre as pás das turbinas.','\0'),(86,18,'Mudou de sentido.','\0'),(87,18,'Sofreu reflexão total.','\0'),(88,18,'Atingiu o valor do ângulo limite.','\0'),(89,18,'Direcionou-se para a superfície de separação.','\0'),(90,18,'Aproximou-se da normal à superfície de separação',''),(91,19,'manterá sua velocidade constante, pois o impulso resultante sobre ela será nulo.',''),(92,19,'manterá sua velocidade constante, pois o impulso da descida continuará a empurrá-la.','\0'),(93,19,'diminuirá gradativamente a sua velocidade, pois não haverá mais impulso para empurrá-la.','\0'),(94,19,'diminuirá gradativamente a sua velocidade, pois o impulso resultante será contrário ao seu movimento.','\0'),(95,19,'aumentará gradativamente a sua velocidade, pois não haverá nenhum impulso contrário ao seu movimento.','\0'),(96,20,'1','\0'),(97,20,'2','\0'),(98,20,'3',''),(99,20,'4','\0'),(100,20,'5','\0'),(101,21,'Ciano.','\0'),(102,21,'Verde.','\0'),(103,21,'Amarelo.','\0'),(104,21,'Magenta.',''),(105,21,'?Vermelho.','\0'),(106,22,'[35; 63].',''),(107,22,'[40; 63].','\0'),(108,22,'[50; 70].','\0'),(109,22,'[50; 90].','\0'),(110,22,'[70; 90].','\0'),(111,23,'I','\0'),(112,23,'II','\0'),(113,23,'III',''),(114,23,'IV','\0'),(115,23,'V','\0'),(116,24,'8','\0'),(117,24,'80','\0'),(118,24,'800','\0'),(119,24,'8 000','\0'),(120,24,'80 000',''),(121,25,'364','\0'),(122,25,'463','\0'),(123,25,'3.064',''),(124,25,'3.640','\0'),(125,25,'4.603','\0'),(126,26,'16 h.','\0'),(127,26,'10 h.','\0'),(128,26,'7 h.','\0'),(129,26,'4 h.',''),(130,26,'1 h.','\0'),(131,27,'R$ 166,00.','\0'),(132,27,'R$ 156,00.',''),(133,27,'R$ 84,00.','\0'),(134,27,'R$ 46,00.','\0'),(135,27,'R$ 24,00.','\0'),(136,28,'Retirar 16 células.',''),(137,28,'Retirar 40 células.','\0'),(138,28,'Acrescentar 5 células.','\0'),(139,28,'Acrescentar 20 células.','\0'),(140,28,'Acrescentar 40 células.','\0'),(141,29,'8','\0'),(142,29,'10',''),(143,29,'16','\0'),(144,29,'18','\0'),(145,29,'24','\0'),(146,30,'Terça-feira.',''),(147,30,'Quarta-feira.','\0'),(148,30,'Quinta-feira.','\0'),(149,30,'Sexta-feira.','\0'),(150,30,'Domingo.','\0'),(151,31,'110.',''),(152,31,'125.','\0'),(153,31,'130.','\0'),(154,31,'220.','\0'),(155,31,'260.','\0'),(156,32,'K','\0'),(157,32,'L','\0'),(158,32,'M','\0'),(159,32,'N',''),(160,32,'P','\0'),(161,33,'30,0.','\0'),(162,33,'69,6.','\0'),(163,33,'100,4.',''),(164,33,'130,4.','\0'),(165,33,'170,0.','\0'),(166,34,'1/8','\0'),(167,34,'7/8','\0'),(168,34,'8/7','\0'),(169,34,'8/9',''),(170,34,'9/8','\0'),(171,35,'','\0'),(172,35,'','\0'),(173,35,'','\0'),(174,35,'',''),(175,35,'','\0'),(176,36,'3',''),(177,36,'5','\0'),(178,36,'6','\0'),(179,36,'8','\0'),(180,36,'10','\0'),(181,37,'x.y.z','\0'),(182,37,'(x+1) . (y+1)','\0'),(183,37,'x.y.z-1','\0'),(184,37,'(x+1).(y+1).z','\0'),(185,37,'(x+1).(y+1).(z+1)-1',''),(186,38,'',''),(187,38,'','\0'),(188,38,'','\0'),(189,38,'','\0'),(190,38,'','\0'),(191,39,'4','\0'),(192,39,'8','\0'),(193,39,'9',''),(194,39,'12','\0'),(195,39,'20','\0'),(196,40,'47,5%','\0'),(197,40,'85,0%','\0'),(198,40,'86,3%','\0'),(199,40,'94,4%','\0'),(200,40,'95,0%',''),(201,41,'branca e os de número 38',''),(202,41,'branca e os de número 37','\0'),(203,41,'branca e os de número 36','\0'),(204,41,'preta e os de número 38','\0'),(205,41,'preta e os de número 37','\0'),(206,42,'6','\0'),(207,42,'600','\0'),(208,42,'6 000','\0'),(209,42,'60 000','\0'),(210,42,'6 000 000',''),(211,43,'32,8%','\0'),(212,43,'28,6%','\0'),(213,43,'10,7%','\0'),(214,43,'9,4%',''),(215,43,'8,0%','\0'),(216,44,'168','\0'),(217,44,'304','\0'),(218,44,'306','\0'),(219,44,'378','\0'),(220,44,'514',''),(221,45,'A','\0'),(222,45,'B','\0'),(223,45,'C',''),(224,45,'D','\0'),(225,45,'E','\0'),(226,46,'134,1','\0'),(227,46,'135,0','\0'),(228,46,'137,1',''),(229,46,'138,6','\0'),(230,46,'143,1','\0'),(231,47,'1','\0'),(232,47,'2',''),(233,47,'3','\0'),(234,47,'4','\0'),(235,47,'5','\0'),(236,48,'','\0'),(237,48,'','\0'),(238,48,'','\0'),(239,48,'','\0'),(240,48,'',''),(241,49,'','\0'),(242,49,'','\0'),(243,49,'',''),(244,49,'','\0'),(245,49,'','\0'),(246,50,'0,02048.','\0'),(247,50,'0,08192.',''),(248,50,'0,24000.','\0'),(249,50,'0,40960.','\0'),(250,50,'0,49152.','\0'),(251,51,'20x8!+(3!)²','\0'),(252,51,'8!x5!x3!',''),(253,51,'(8!x5!x3!)/28','\0'),(254,51,'(8!x5!x3!)/22','\0'),(255,51,'16!/28','\0'),(256,52,'18',''),(257,52,'19','\0'),(258,52,'22','\0'),(259,52,'25','\0'),(260,52,'66','\0'),(261,53,'I','\0'),(262,53,'II','\0'),(263,53,'III','\0'),(264,53,'IV',''),(265,53,'V','\0'),(266,54,'R$ 114 285,00','\0'),(267,54,'R$ 130 000,00',''),(268,54,'R$ 160 000,00','\0'),(269,54,'R$ 210 000,00','\0'),(270,54,'R$ 213 333,00','\0'),(271,55,'72%','\0'),(272,55,'68%',''),(273,55,'64%','\0'),(274,55,'54%','\0'),(275,55,'18%','\0'),(276,56,'14,4%','\0'),(277,56,'20,0%','\0'),(278,56,'32,0%','\0'),(279,56,'36,0%',''),(280,56,'64,0%','\0'),(281,57,'25','\0'),(282,57,'33','\0'),(283,57,'42','\0'),(284,57,'45','\0'),(285,57,'49',''),(286,58,'1 hora.','\0'),(287,58,'1 hora e 15 minutos.',''),(288,58,'5 horas.','\0'),(289,58,'6 horas.','\0'),(290,58,'6 horas e 15 minutos.','\0'),(291,59,'Norte, Centro-Oeste e Sul.','\0'),(292,59,'Norte, Nordeste e Sudeste.',''),(293,59,'Nordeste, Norte e Sul.','\0'),(294,59,'Nordeste, Sudeste e Sul.','\0'),(295,59,'Centro-Oeste, Sul e Sudeste.','\0'),(296,60,'1,14','\0'),(297,60,'1,42','\0'),(298,60,'1,52',''),(299,60,'1,70','\0'),(300,60,'1,80','\0'),(301,61,'1,1','\0'),(302,61,'3,5','\0'),(303,61,'4,5','\0'),(304,61,'6,8','\0'),(305,61,'7,9',''),(306,62,'','\0'),(307,62,'','\0'),(308,62,'','\0'),(309,62,'','\0'),(310,62,'',''),(311,63,'','\0'),(312,63,'','\0'),(313,63,'','\0'),(314,63,'',''),(315,63,'','\0'),(316,64,'1,8 t; 8,4 t; 1,8 t.','\0'),(317,64,'3,0 t; 6,0 t; 3,0 t.','\0'),(318,64,'2,4 t; 7,2 t; 2,4 t.',''),(319,64,'3,6 t; 4,8 t; 3,6 t.','\0'),(320,64,'4,2 t; 3,6 t; 4,2 t.','\0'),(321,65,'πd','\0'),(322,65,'2πd','\0'),(323,65,'4πd','\0'),(324,65,'5πd',''),(325,65,'10πd','\0'),(326,66,'1 : 3','\0'),(327,66,'1 : 4','\0'),(328,66,'1 : 20','\0'),(329,66,'1 : 25',''),(330,66,'1 : 32','\0'),(331,67,'ressalta a importância de os professores incentivarem\nos jovens às práticas de leitura.','\0'),(332,67,'critica pesquisas tradicionais que atribuem a falta de\nleitura à precariedade de bibliotecas.','\0'),(333,67,'rebate a ideia de que as políticas educacionais são\neficazes no combate à crise de leitura.','\0'),(334,67,'questiona a existência de uma crise de leitura com base\nnos dados de pesquisas acadêmicas.',''),(335,67,'atribui a crise da leitura à falta de incentivos e ao\ndesinteresse dos jovens por livros de qualidade.','\0'),(336,68,'acessibilidade à sala de concerto como metáfora, num\nmomento em que a arte deixou de ser elitizada.','\0'),(337,68,'abertura da sala de concerto, que permitiu que a\nmúsica fosse ouvida do lado de fora do teatro.','\0'),(338,68,'postura inversa à música moderna, que desejava se\nenquadrar em uma concepção conformista.','\0'),(339,68,'intenção do compositor de que os sons extramusicais\nsejam parte integrante da música.',''),(340,68,'necessidade do artista contemporâneo de atrair maior\npúblico para o teatro.','\0'),(341,69,'predominância de tons claros na composição da peça\npublicitária.','\0'),(342,69,'associação entre uma arma de fogo e um megafone.',''),(343,69,'grafia com inicial maiúscula da palavra “voz” no\nslogan.','\0'),(344,69,'imagem de uma mão segurando um megafone.','\0'),(345,69,'representação gráfica da propagação do som.','\0'),(346,70,'deixaram marcas da história vivida pela nação, como\na colonização e a imigração.',''),(347,70,'transformaram em um só idioma línguas diferentes,\ncomo as africanas, as indígenas e as europeias.','\0'),(348,70,'promoveram uma língua acessível a falantes de\norigens distintas, como o africano, o indígena e o\neuropeu.','\0'),(349,70,'guardaram uma relação de identidade entre os falantes\ndo português do Brasil e os do português de Portugal.','\0'),(350,70,'tornaram a língua do Brasil mais complexa do que as\nlínguas de outros países que também tiveram coloni -\nzação portuguesa.','\0'),(351,71,'cita-os pela força do hábito.','\0'),(352,71,'aceita-os como verdade absoluta.','\0'),(353,71,'aciona-os para justificar suas ações.',''),(354,71,'toma-os para solucionar um problema.','\0'),(355,71,'considera-os como uma orientação divina.','\0'),(356,72,'estratégia para estimular relações de amizade.','\0'),(357,72,'espaço para exposição de opiniões e circulação de\nideias.',''),(358,72,'gênero discursivo substituto dos tradicionais diários\npessoais.','\0'),(359,72,'ferramenta para aperfeiçoamento da comunicação\nvirtual escrita.','\0'),(360,72,'recurso para incentivar a ajuda mútua e a divulgação\nda rotina diária.','\0'),(361,73,'afirma, com a frase “Queremos seu talento exata mente\ncomo ele é”, que qualquer pessoa com talento pode\nfazer parte da equipe.','\0'),(362,73,'apresenta como estratégia a formação de um perfil por\nmeio de perguntas direcionadas, o que dinamiza a\ninteração texto-leitor.',''),(363,73,'utiliza a descrição da empresa como argumento principal, pois atinge diretamente os interessados em in -\nformática.','\0'),(364,73,'usa estereótipo negativo de uma figura conhecida, o\nnerd, pessoa introspectiva e que gosta de informática.','\0'),(365,73,'recorre a imagens tecnológicas ligadas em rede, para\nsimbolizar como a tecnologia é interligada.','\0'),(366,74,'a apresentação dos resultados de uma pesquisa que\nretrata o quadro atual da preferência popular relativa\nà música brasileira.',''),(367,74,'caracterização das opiniões relativas a determinados\ngêneros, considerados os mais representativos da\nbrasilidade, como meros estereótipos.','\0'),(368,74,'uso de estrangeirismos, como rock, funk e gospel, para\ncompor um estilo próximo ao leitor, em sintonia com\no ataque aos nacionalistas.','\0'),(369,74,'ironia com relação ao apego a opiniões superadas,\ntomadas como expressão de conservadorismo e\nanacronismo, com o uso das designações “império” e\n“baluarte”.','\0'),(370,74,'contraposição a impressões fundadas em elitismo e\npreconceito, com a alusão a artistas de renome para\nmelhor demonstrar a consolidação da mudança do\ngosto musical popular.','\0'),(371,75,'visão cética sobre as relações sociais.','\0'),(372,75,'preocupação com a identidade brasileira.','\0'),(373,75,'crítica velada à forma de governo vigente.',''),(374,75,'reflexão sobre os dogmas do cristianismo.','\0'),(375,75,'questionamento das práticas pagãs na Bahia.','\0'),(376,76,'estimular a substituição dos antigos aparelhos de TV.','\0'),(377,76,'contemplar os desejos individuais com recursos de\nponta.',''),(378,76,'transformar a televisão no principal meio de acesso às\nredes sociais.','\0'),(379,76,'renovar técnicas de apresentação de programas e de\ncaptação de imagens.','\0'),(380,76,'minimizar a importância dessa ferramenta como meio\nde comunicação de massa.','\0'),(381,77,'uma constatação sobre como as pessoas administram\nos recursos hídricos.','\0'),(382,77,'a habilidade das comunidades em lidar com problemas\nambientais contemporâneos.','\0'),(383,77,'a capacidade humana de substituir recursos naturais\nrenováveis.','\0'),(384,77,'uma previsão trágica a respeito das fontes de água\npotável.',''),(385,77,'uma situação ficcional com base na realidade\nambiental brasileira.','\0'),(386,78,'nas diferenças entre o cronista e o ficcionista.','\0'),(387,78,'nos elementos que servem de inspiração ao cronista.','\0'),(388,78,'nos assuntos que podem ser tratados em uma crônica.','\0'),(389,78,'no papel da vida do cronista no processo de escrita da\ncrônica.','\0'),(390,78,'nas dificuldades de se escrever uma crônica por meio\nde uma crônica.',''),(391,79,'apresentar fatos que tenham sido noticiados pelo\npróprio veículo.','\0'),(392,79,'chamar a atenção do leitor para temas raramente\nabordados no jornal.','\0'),(393,79,'provocar a indignação dos cidadãos por força dos\nargumentos apresentados.','\0'),(394,79,'interpretar criticamente fatos noticiados e considerados relevantes para a opinião pública.',''),(395,79,'trabalhar uma informação previamente apresentada\ncom base no ponto de vista do autor da notícia.','\0'),(396,80,'linguagem rebuscada utilizada pelo narrador no\ntratamento do assunto.','\0'),(397,80,'inserção de perguntas diretas acerca do acontecimento\nnarrado,','\0'),(398,80,'caracterização dos lugares onde se passa a história.','\0'),(399,80,'emprego de termos bíblicos de forma descontex tua -\nlizada.','\0'),(400,80,'contraste entre o tema abordado e a linguagem\nutilizada.',''),(401,81,'o uso de palavras novas deve ser incentivado em\ndetrimento das antigas.','\0'),(402,81,'a utilização de inovações no léxico é percebida na\ncomparação de gerações.',''),(403,81,'o emprego de palavras com sentidos diferentes caracteriza diversidade geográfica.','\0'),(404,81,'a pronúncia e o vocabulário são aspectos identificadores da classe social a que pertence o falante.','\0'),(405,81,'o modo de falar específico de pessoas de diferentes\nfaixas etárias é frequente em todas as regiões.','\0'),(406,82,'realça a importância da xilogravura sobre o clichê.','\0'),(407,82,'oportuniza a renovação dessa arte na modernidade.','\0'),(408,82,'demonstra a utilidade desses textos para a catequese.','\0'),(409,82,'revela a necessidade da busca das origens dessa literatura.','\0'),(410,82,'auxilia na manutenção da essência identitária dessa\ntradição popular.',''),(411,83,'produção vagarosa de materiais didáticos.','\0'),(412,83,'composição aprimorada de tipos de chumbo.','\0'),(413,83,'montagem acelerada de textos para impressão.','\0'),(414,83,'produção acessível de materiais informacionais.',''),(415,83,'impressão dinamizada de imagens em revistas.','\0'),(416,84,'a ligação entre verbos semanticamente semelhantes.','\0'),(417,84,'a oposição entre ações aparentemente inconciliáveis.','\0'),(418,84,'a introdução do argumento mais forte de uma sequência.',''),(419,84,'o reforço da causa apresentada no enunciado in tro du\nNa organização do poema, os empregos da conjunção \'mas\' articula a introdução do argumento mais forte de uma sequência: enquanto o eu lírico mostra que aceita, por exemplo, não cuspir um  fruto amargo, o argumento mais forte é a necessidade que sente em avisar aos outros quanto é amargo. Ele vê esse aviso como tarefa, como observado no título.tório.','\0'),(420,84,'a intensidade dos problemas sociais presentes no \nmundo.','\0'),(421,85,'uma referência ao contexto, “trânsito no feriadão”, \nesclarecendo-se o referente tanto do texto de Iotti \nquanto da obra de Picasso.','\0'),(422,85,'uma referência ao tempo presente, com o emprego \nda forma verbal “é”, evidenciando-se a atualidade do \ntema abordado tanto pelo pintor espanhol quanto pelo \nchargista brasileiro.','\0'),(423,85,'um termo pejorativo, “trânsito”, reforçando-se a ima -\ngem negativa de mundo caótico presente tanto \nem Guernica quanto na charge.','\0'),(424,85,'uma referência temporal, “sempre”, referindo-se à\npermanência de tragédias retratadas tanto em Guernica\nquanto na charge.','\0'),(425,85,'uma expressão polissêmica, “quadro dramático”,\nremetendo-se tanto à obra pictórica quanto ao contexto\ndo trânsito brasileiro.',''),(426,86,'criminalidade é algo inerente ao ser humano, que \nsucumbe a suas manifestações.','\0'),(427,86,'meio urbano, especialmente o das grandes cidades, \nestimula uma vida mais violenta.','\0'),(428,86,'falta de oportunidades na cidade dialoga com a pobreza\ndo campo rumo à criminalidade.',''),(429,86,'êxodo rural e a falta de escolaridade são causas da \nviolência nas grandes cidades.','\0'),(430,86,'complacência das leis e a inércia das personagens \nsão estímulos à prática criminosa.','\0'),(431,87,'é indispensável para as pessoas que fazem atividades \nfísicas regularmente.','\0'),(432,87,'é estimulada pela indústria voltada para adolescentes \nque buscam um corpo ideal.',''),(433,87,'é indicada para atividades físicas como a musculação \ncom fins de promoção da saúde.','\0'),(434,87,'direciona-se para adolescentes com distúrbios meta -\nbólicos e que praticam atividades físicas.','\0'),(435,87,'melhora a saúde do indivíduo que não tem uma dieta \nbalanceada e nem pratica atividades físicas.','\0'),(436,88,'A modificação das regras busca associar valores \nlúdicos ao MMA, possibilitando a participação de \ndiferentes populações como atividade de lazer.','\0'),(437,88,'As transformações do MMA aumentam o grau de \nviolência das lutas, favorecendo a busca de emoções \nmais fortes tanto aos competidores como ao público.','\0'),(438,88,'As mudanças de regras do MMA atendem à neces sida -\nde de tornar a modalidade menos violenta, vi sando sua\nintrodução nas academias de ginástica na dimensão da\nsaúde.','\0'),(439,88,'As modificações incorporadas ao MMA têm por\nfinalidade aprimorar as técnicas das diferentes artes\nmarciais, favorecendo o desenvolvimento da moda -\nlidade enquanto defesa pessoal.','\0'),(440,88,'As transformações do MMA visam delimitar a\nviolência das lutas, preservando a integridade dos\natletas e enquadrando a modalidade no formato do\nesporte de espetáculo.',''),(441,89,'índice de baixa escolaridade do falante.','\0'),(442,89,'estratégia típica de manutenção da interação oral.',''),(443,89,'marca de conexão lógica entre conteúdos na fala.','\0'),(444,89,'manifestação característica da fala regional nordestina.','\0'),(445,89,'recurso enfatizador da informação mais relevante da\nnarrativa.','\0'),(446,90,'informar crianças vítimas de abuso sexual sobre os \nperigos dessa prática, contribuindo para erradicá-la.','\0'),(447,90,'denunciar ocorrências de abuso sexual contra meninas,\ncom o objetivo de colocar criminosos na cadeia.','\0'),(448,90,'dar a devida dimensão do que é o abuso sexual para \numa criança, enfatizando a importância da denúncia.',''),(449,90,'destacar que a violência sexual infantil predomina \ndurante a noite, o que requer maior cuidado dos \nresponsáveis nesse período.','\0'),(450,90,'chamar a atenção para o fato de o abuso infantil ocorrer\ndurante o sono, sendo confundido por algumas\ncrianças com um pesadelo.','\0'),(451,91,'descartar as marcas de informalidade do texto.','\0'),(452,91,'reservar o emprego da norma padrão aos textos de \ncirculação ampla.','\0'),(453,91,'moldar a norma padrão do português pela linguagem \ndo discurso jornalístico.','\0'),(454,91,'adequar as formas da língua a diferentes tipos de \ntexto e contexto.',''),(455,91,'desprezar as formas da língua previstas pelas gra -\nmáticas e manuais divulgados pela escola.','\0'),(456,92,'gasto exagerado com o envio de robôs a outros pla ne -\ntas.','\0'),(457,92,'exploração indiscriminada de outros planetas.','\0'),(458,92,'circulação digital excessiva de autorretratos.',''),(459,92,'vulgarização das descobertas espaciais.','\0'),(460,92,'mecanização das atividades humanas.','\0'),(461,93,'alertar a sociedade sobre os riscos de ser espionada.','\0'),(462,93,'promover a indústria de segurança da informação.',''),(463,93,'discutir a espionagem em fóruns internacionais.','\0'),(464,93,'incentivar o aparecimento de delatores.','\0'),(465,93,'treinar o país em segurança digital.','\0'),(466,94,'“Isso é um desaforo”.','\0'),(467,94,'“Diz que eu tou aqui com alegria”.','\0'),(468,94,'“Vou mostrar presses cabras”.',''),(469,94,'“Vai, chama Maria, chama Luzia”.','\0'),(470,94,'“Vem cá morena linda, vestida de chita”.','\0'),(471,95,'contraditório, pois a notícia informa que o país superou \na necessidade de doação de órgãos.','\0'),(472,95,'complementar, pois a notícia diz que a doação de \nórgãos cresceu e o cartaz solicita doações.',''),(473,95,'redundante, pois a notícia e o cartaz têm a intenção \nde influenciar as pessoas a doarem seus órgãos.','\0'),(474,95,'indispensável, pois a notícia fica incompleta sem o \ncartaz, que apela para a sensibilidade das pessoas.','\0'),(475,95,'discordante, pois ambos os textos apresentam posi ções\ndistintas sobre a necessidade de doação de órgãos.','\0'),(476,96,'sobreposição de odor, propiciada pelo cheiro característico do vinagre.','\0'),(477,96,'solubilidade da piridina, de caráter ácido, na solução ácida empregada.','\0'),(478,96,'inibição da proliferação das bactérias presentes, devido à ação do ácido acético.','\0'),(479,96,'degradação enzimática da molécula de piridina, acelerada pela presença de ácido acético.','\0'),(480,96,'reação de neutralização entre o ácido acético e a piridina, que resulta em compostos sem mau odor.',''),(481,97,'clivagem da molécula de ozônio pelos CFCs para produzir espécies radicalares.','\0'),(482,97,'produção de oxigênio molecular a partir de ozônio, catalisada por átomos de cloro.',''),(483,97,'oxidação do monóxido de cloro por átomos de oxigênio para produzir átomos de cloro.','\0'),(484,97,'reação direta entre os CFCs e o ozônio para produzir oxigênio molecular e monóxido de cloro.','\0'),(485,97,'reação de substituição de um dos átomos de oxigênio na molécula de ozônio por átomos de cloro.','\0'),(486,98,'Milho.','\0'),(487,98,'Palma.',''),(488,98,'Canola.','\0'),(489,98,'Algodão.','\0'),(490,98,'Amendoim.','\0'),(491,99,'reagem entre si.','\0'),(492,99,'não podem ser separados.','\0'),(493,99,'não estão presentes em partes iguais.','\0'),(494,99,'interagem de maneira distinta com o organismo.',''),(495,99,'são estruturas com diferentes grupos funcionais.','\0'),(496,100,'solo I.','\0'),(497,100,'solo II.',''),(498,100,'água I.','\0'),(499,100,'água II.','\0'),(500,100,'água III.','\0'),(501,101,'Cu (s).','\0'),(502,101,'Pt (s).','\0'),(503,101,'Al3+(aq).','\0'),(504,101,'Sn (s).',''),(505,101,'Zn2+(aq).','\0'),(506,102,'C18H36.','\0'),(507,102,'C17H33COONa.',''),(508,102,'CH3CH2COONa.','\0'),(509,102,'CH3CH2CH2COOH.','\0'),(510,102,'CH3CH2CH2CH2OCH2CH2CH2CH3.','\0'),(511,103,'filtração.','\0'),(512,103,'ventilação.','\0'),(513,103,'decantação.','\0'),(514,103,'evaporação.','\0'),(515,103,'destilação fracionada.',''),(516,104,'86,2%.','\0'),(517,104,'96,2%.','\0'),(518,104,'97,2%.','\0'),(519,104,'99,6%.',''),(520,104,'99,9%.','\0'),(521,105,'CH3— (CH)2— CH(OH) — CO — NH — CH3.','\0'),(522,105,'CH3—(CH)2— CH(CH3) — CO — NH — CH3.',''),(523,105,'CH3— (CH)2— CH(CH3) — CO — NH2.','\0'),(524,105,'CH3— CH2— CH(CH3) – CO — NH — CH3.','\0'),(525,105,'C6H5— CH2— CO — NH — CH3.','\0'),(526,106,'',''),(527,106,'','\0'),(528,106,'','\0'),(529,106,'','\0'),(530,106,'','\0'),(531,107,'64','\0'),(532,107,'108','\0'),(533,107,'122',''),(534,107,'136','\0'),(535,107,'245','\0'),(536,108,'CH3COOH','\0'),(537,108,'Na2SO4','\0'),(538,108,'CH3OH','\0'),(539,108,'K2CO3',''),(540,108,'NH4Cl','\0'),(541,109,'filtração, com o uso de filtros de carvão ativo.',''),(542,109,'fluoretação, pela adição de fluoreto de sódio.','\0'),(543,109,'coagulação, pela adição de sulfato de alumínio.','\0'),(544,109,'correção do pH, pela adição de carbonato de sódio.','\0'),(545,109,'floculação, em tanques de concreto com a água em movimento.','\0');
/*!40000 ALTER TABLE `alternativas` ENABLE KEYS */;
UNLOCK TABLES;

--
-- Table structure for table `categorias`
--

DROP TABLE IF EXISTS `categorias`;
/*!40101 SET @saved_cs_client     = @@character_set_client */;
/*!40101 SET character_set_client = utf8 */;
CREATE TABLE `categorias` (
  `ID` int(11) NOT NULL AUTO_INCREMENT,
  `DESCRICAO` varchar(50) NOT NULL,
  PRIMARY KEY (`ID`)
) ENGINE=InnoDB AUTO_INCREMENT=7 DEFAULT CHARSET=utf8;
/*!40101 SET character_set_client = @saved_cs_client */;

--
-- Dumping data for table `categorias`
--

LOCK TABLES `categorias` WRITE;
/*!40000 ALTER TABLE `categorias` DISABLE KEYS */;
INSERT INTO `categorias` VALUES (1,'Inglês'),(2,'Biologia'),(3,'Física'),(4,'Matemática'),(5,'Português'),(6,'Química');
/*!40000 ALTER TABLE `categorias` ENABLE KEYS */;
UNLOCK TABLES;

--
-- Table structure for table `questoes`
--

DROP TABLE IF EXISTS `questoes`;
/*!40101 SET @saved_cs_client     = @@character_set_client */;
/*!40101 SET character_set_client = utf8 */;
CREATE TABLE `questoes` (
  `ID` int(11) NOT NULL AUTO_INCREMENT,
  `ID_CATEGORIA` int(11) NOT NULL,
  `ENUNCIADO` varchar(3000) NOT NULL,
  `RESOLUCAO` varchar(3000) DEFAULT NULL,
  PRIMARY KEY (`ID`),
  KEY `FK_CATEGORIA_idx` (`ID_CATEGORIA`),
  CONSTRAINT `FK_CATEGORIA` FOREIGN KEY (`ID_CATEGORIA`) REFERENCES `categorias` (`ID`) ON DELETE NO ACTION ON UPDATE NO ACTION
) ENGINE=InnoDB AUTO_INCREMENT=110 DEFAULT CHARSET=utf8;
/*!40101 SET character_set_client = @saved_cs_client */;

--
-- Dumping data for table `questoes`
--

LOCK TABLES `questoes` WRITE;
/*!40000 ALTER TABLE `questoes` DISABLE KEYS */;
INSERT INTO `questoes` VALUES (1,1,'My brother the star, my mother the earth my father the sun, my sister the moon, to my life give beauty, to my body give strength, to my corn give goodness, to my house give peace, to my spirit give truth, to my elders give wisdom\n<h4>Disponível em: www.blackhawkproductions.com. Acesso em: 8 ago. 2012</h4>\n<br>\nProduções artístico-culturais revelam visões de mundo próprias de um grupo social. Esse poema demonstra a estreita relação entre a tradição oral da cultura indígena norte-americana e a',''),(2,2,'<img alt=\'\' src=\'https://questionsstorage.blob.core.windows.net/question/QO (1)23122014222.jpg\'><br>\nEmbora sejam produzidos e utilizados em situações distintas, os imunobiológicos I e II atuam de forma semelhante nos humanos e equinos, pois&nbsp;','Os imunobiológicos I e II são antígenos que estimulam a produção de anticorpos em humanos e equinos.'),(3,2,'O potencial brasileiro para transformar lixo em energia permanece subutilizado – apenas pequena parte dos resíduos brasileiros é utilizada para gerar energia. Contudo, bons exemplos são os aterros sanitários, que utilizam a principal fonte de energia ali produzida. Alguns aterros vendem créditos de carbono com base no Mecanismo de Desenvolvimento Limpo (MDL), do Protocolo de Kyoto. Essa fonte de energia subutilizada, citada no texto, é o&nbsp;','A decomposição anaeróbica da matéria orgânica pode produzir gás metano. (C6H10O5)n + n H2O → 3n CH4 + 3n CO2 O gás metano é um excelente combustível (fonte energética). CH4 + 2 O2 → CO2 + 2 H2O + calor'),(4,2,'Na década de 1940, na Região Centro-Oeste, produtores rurais, cujos bois, porcos, aves e cabras estavam morrendo por uma peste desconhecida, fizeram uma promessa, que consistiu em não comer carne e derivados até que a peste fosse debelada. Assim, durante três meses, arroz, feijão, verduras e legumes formaram o prato principal desses produtores. O Hoje, 15 out. 2011 (adaptado).<br>\nPara suprir o déficit nutricional a que os produtores rurais se submeteram durante o período da promessa, foi importante eles terem consumido alimentos ricos em&nbsp;','Aminoácidos essenciais são aqueles que não são produzidos pelo organismo, devendo ser obtidos pela alimentação.'),(5,2,'Embora seja um conceito fundamental para a biologia, o termo \'evolução\' pode adquirir significados diferentes no senso comum. A ideia de que a espécie humana é o ápice do processo evolutivo é amplamente difundida, mas não é compartilhada por muitos cientistas. Para esses cientistas, a compreensão do processo citado baseia-se na ideia de que os seres vivos, ao longo do tempo, passam por&nbsp;','Durante o processo evolutivo, os seres vivos passam por modificações de características. As mudanças são causadas por mutações e processos de recombinações gênicas.'),(6,2,'A aplicação excessiva de fertilizantes nitrogenados na agricultura pode acarretar alterações no solo e na água pelo acúmulo de compostos nitrogenados, principalmente a forma mais oxidada, favorecendo a proliferação de algas e plantas aquáticas e alterando o ciclo do nitrogênio, representado no esquema. A espécie nitrogenada mais oxidada tem sua quantidade controlada por ação de microrganismos que promovem a reação de redução dessa espécie, no processo denominado desnitrificação.<br>\n<img alt=\'\' src=\'https://questionsstorage.blob.core.windows.net/question/q702312201412811.jpg\'><br>\nO processo citado está representado na etapa&nbsp;','O processo da desnitrificação, realizado por bactérias, está indicada, no esquema, pelo algarismo V.'),(7,2,'Uma região de Cerrado possui lençol freático profundo, estação seca bem marcada, grande insolação e recorrência de incêndios naturais. Cinco espécies de árvores nativas, com as características apresentadas no quadro, foram avaliadas quanto ao seu potencial para uso em projetos de reflorestamento nessa região.<br>\n<img alt=\'\' src=\'https://questionsstorage.blob.core.windows.net/question/q792312201411855.jpg\'><br>\nQual é a árvore adequada para o reflorestamento dessa região?&nbsp;','A presença de raízes profundas facilita a obtenção de água do lençol freático. A cera, recobrindo a folha, diminui a perda de água por transpiração, adaptandoa à estação seca.'),(8,2,'Existem bactérias que inibem o crescimento de um fungo causador de doenças no tomateiro, por consumirem o ferro disponível no meio. As bactérias também fazem fixação de nitrogênio, disponibilizam cálcio e produzem auxinas, substâncias que estimulam diretamente o crescimento do tomateiro.<br>\nPELZER, G. Q. et al. Mecanismos de controle da murcha-de-esclerócio e promoção de crescimento em tomateiro mediados por rizobactérias.Tropical Plant Pathology. v. 36, n. 2, mar.-abr. 2011 (adaptado).<br>\nQual dos processos biológicos mencionados indica uma relação ecológica de competição?&nbsp;','As bactérias competem com os fungos pelo íon ferro disponível no meio em que vivem. As bactérias captam o ferro e, consequentemente, inibem o crescimento do fungo que causa doenças no tomateiro.'),(9,2,'Os parasitoides (misto de parasitas e predadores) são insetos diminutos que têm hábitos muito peculiares: suas larvas podem se desenvolver dentro do corpo de outros organismos, como mostra a figura. A forma adulta se alimenta de pólen e açúcares. Em geral, cada parasitoide ataca hospedeiros de determinada espécie e, por isso, esses organismos vêm sendo amplamente usados para o controle biológico de pragas agrícolas.<br>\n<img alt=\'\' src=\'https://questionsstorage.blob.core.windows.net/question/QO2312201405749.jpg\'><br>\nA forma larval do parasitoide assume qual papel nessa cadeia alimentar?&nbsp;','Ao se alimentar da lagarta que ingere os produtos agrícolas, o parasitoide assume o papel de consumidor secundário na cadeia alimentar de que participa.'),(10,3,'Um professor utiliza essa história em quadrinhos para discutir com os estudantes o movimento de satélites. Nesse sentido, pede a eles que analisem o movimento do coelhinho, considerando o módulo da velocidade constante.<br>\n<img alt=\'\' src=\'https://questionsstorage.blob.core.windows.net/question/7822122014112153.png\'><br>\n<br>\nDesprezando a existência de forças dissipativas, o vetor aceleração tangencial do coelhinho, no terceiro quadrinho, é','A órbita é circular e o módulo da velocidade é constante, ou seja, a aceleração tangencial é nula.'),(11,3,'<p>O pêndulo de Newton pode ser constituído por cinco pêndulos idênticos suspensos em um mesmo suporte. Em um dado instante, as esferas de três pêndulos são deslocadas para a esquerda e liberadas, deslocando-se para a direita e colidindo elasticamente com as outras duas esferas, que inicialmente estavam paradas.<br>\n<img alt=\'\' src=\'https://questionsstorage.blob.core.windows.net/question/772212201413717.png\'></p>\n\n<p>O movimento dos pêndulos após a primeira colisão está representado em</p>','<p>Pelo princípio de conservação de energia sabemos que a Energia Mecânica do sistema será conservada.<br>\nconsiderando a colisão como uma colisão elástica, a quantidade de movimento do sistema se conserva.</p>\n\n<p>A única alternativa que mostra isso é a alternativa C.</p>'),(12,3,'Um sistema de pistão contendo um gás é mostrado na figura. Sobre a extremidade superior do êmbolo, que pode movimentar-se livremente sem atrito, encontra-se um objeto. Através de uma chapa de aquecimento é possível fornecer calor ao gás e, com auxílio de um manômetro, medir sua pressão. A partir de diferentes valores de calor fornecido, considerando o sistema como hermético, o objeto elevou-se em valores Δh, como mostrado no gráfico.<br>\n<img alt=\'\' src=\'https://questionsstorage.blob.core.windows.net/question/7522122014111456.png\'><br>\n<br>\nForam estudadas, separadamente, quantidades equimolares de dois diferentes gases, denominados M e V. A diferença no comportamento dos gases no experimento decorre do fato de o gás M, em relação ao V, apresentar','ΔV e&nbsp;ΔT são diretamente proporcionais e ΔT e C são inversamente proporcionais.<br>\nOlhando para o gráfico vemos que para uma mesma quantidade de calor Q, o volume do &nbsp;gás M varia mais que o volume do gás V então teremos maior variação de temperatura: &nbsp;ΔT<sub>M</sub>&nbsp;&gt;&nbsp;ΔT<sub>V</sub>.<br>\nΔT<sub>M</sub>&nbsp;&gt;&nbsp;ΔT<sub>V &nbsp;</sub>-&gt;&nbsp; C<sub>M</sub>&nbsp;&lt;&nbsp;C<sub>V</sub>,<br>\n&nbsp;'),(13,3,'Um sistema de iluminação foi construído com um circuito de três lâmpadas iguais conectadas a um gerador (G) de tensão constante. Esse gerador possui uma chave que pode ser ligada nas posições A ou B.<br>\n<img alt=\'\' src=\'https://questionsstorage.blob.core.windows.net/question/702212201411135.png\'><br>\n<br>\nConsiderando o funcionamento do circuito dado, a lâmpada 1 brilhará mais quando a chave estiver na posição','Em A:<br>\n<br>\nR<sub>eqA&nbsp;</sub>= R/2<br>\n<br>\ni<sub>A</sub>&nbsp;= U/R<sub>eqA</sub>&nbsp;=U/R/2 = 2U/R<br>\n<br>\ni<sub>1</sub>&nbsp;= i<sub>3</sub>&nbsp;= U/R<br>\n<br>\nEm B:<br>\n<br>\nR<sub>eqB</sub>&nbsp;= 3R/2<br>\n<br>\ni<sub>B&nbsp;</sub>= U/R<sub>eqB</sub>&nbsp;= 2U/3R<br>\n<br>\ni<sub>1</sub>&nbsp;= i<sub>3</sub>&nbsp;=&nbsp;U/3R &nbsp; &nbsp;e &nbsp; &nbsp; &nbsp;i<sub>2</sub>&nbsp;=&nbsp;&nbsp;2U/3R&nbsp;<br>\n<br>\nP = R*i²'),(14,3,'Uma pessoa, lendo o manual de uma ducha que acabou de adquirir para a sua casa, observa o gráfico, que relaciona a vazão na ducha com a pressão, medida em metros de coluna de água (mca).<br>\n<br>\n<img alt=\'\' src=\'https://questionsstorage.blob.core.windows.net/question/6565652212201411856.png\'><br>\n&nbsp;\n<p>Nessa casa residem quatro pessoas. Cada uma delas toma um banho por dia, com duração média de 8 minutos, permanecendo o registro aberto com vazão máxima durante esse tempo. A ducha é instalada em um ponto seis metros abaixo do nível da lâmina de água, que se mantém constante dentro do reservatório.</p>\n\n<p>Ao final de 30 dias, esses banhos consumirão um volume de água, em litros, igual a</p>','Minutos:<br>\n<br>\n8*4*30 = 960 min<br>\n<br>\nRegra de três:<br>\n<br>\n12l -------- 1 min<br>\nx &nbsp;--------- 960 min<br>\n<br>\nx = 11520'),(15,3,'Do funcionamento dos geradores de usinas elétricas baseia-se no fenômeno da indução eletromagnética, descoberto por Michael Faraday no século XIX. Pode-se observar esse fenômeno ao se movimentar um ímã e uma espira em sentidos opostos com módulo da velocidade igual a v, induzindo uma corrente elétrica de intensidade i, como ilustrado na figura.<br>\n<img alt=\'\' src=\'https://questionsstorage.blob.core.windows.net/question/6322122014123013.png\'><br>\nA fim de se obter uma corrente com o mesmo sentido da apresentada na figura, utilizando os mesmos materiais, outra possibilidade é mover a espira para a','A lei de Lenz no mostra que ao afastar um pólo norte aparece na face esquerda da espira um pólo sul. Se ocorrer uma aproximação entre o ímã e a espira e se a polaridade do ímã for invertida, surge na face esqueda da espira um pólo sul.'),(16,3,'Alguns sistemas de segurança incluem detectores de movimento. Nesses sensores, existe uma substância que se polariza na presença de radiação eletromagnética de certa região de frequência, gerando uma tensão que pode ser amplificada e&nbsp; empregada para efeito de controle.<br>\nQuando uma pessoa se aproxima do sistema, a radiação emitida por seu corpo é detectada por esse tipo de sensor.<br>\n&nbsp;\n<p><small>WENDLlNG. M. Sensores. Disponível em:&nbsp;<strong>www2.feg.unesp.br</strong>.<br>\nAcesso em: 7 maio 2014 (adaptado).</small></p>\n\n<p>A radiação captada por esse detector encontra-se na região de frequência</p>','Um pessoa emite radição na faixa do infravermelho.'),(17,3,'A elevação da temperatura das águas de rios, lagos e mares diminui a solubilidade do oxigênio, pondo em risco as diversas formas de vida aquática que dependem desse gás. Se essa elevação de temperatura acontece por meios artificiais, dizemos que existe poluição térmica. As usinas nucleares, pela própria natureza do processo de geração de energia, podem causar esse tipo de poluição. Que parte do ciclo de geração de energia das usinas nucleares está associada a esse tipo de poluição?','O aquecimento dos rios, lagos e mares causado pelas usinas é devido ao resfriamento do vapor d’água produzido no processo. A água dos rios, mares e lagos são usados para resfriar esse vapor e voltam para o local de origem mais quente.'),(18,3,'Uma proposta de dispositivo capaz de indicar a qualidade da gasolina vendida em postos e, consequentemente, evitar fraudes, poderia utilizar o conceito de refração luminosa. Nesse sentido, a gasolina não adulterada, na temperatura ambiente, apresenta razão entre os senos dos raios incidente e refratado igual a 1,4. Desse modo, fazendo incidir o feixe de luz proveniente do ar com um ângulo fixo e maior que zero, qualquer modificação no ângulo do feixe refratado indicará adulteração no combustível. Em uma fiscalização rotineira, o teste apresentou o valor de 1,9.<br>\n<br>\nQual foi o comportamento do raio refratado?','sen (i) / sen (r) = n<sub>liq&nbsp;</sub>/n<sub>ar&nbsp;</sub>= 1,4<br>\n<br>\nsen (i) / sen (r\') = n<sub>liq&nbsp;</sub>/n<sub>ar</sub>&nbsp;= 1,9<br>\n<br>\n<span style=\'line-height:20.7999992370605px\'>&nbsp;1,9 &gt; 1,4 -&gt; r\' &lt; r</span><br>\n<br>\n<br>\n<br>\n&nbsp;'),(19,3,'Para entender os movimentos dos corpos, Galileu discutiu o movimento de uma esfera de metal em dois planos inclinados sem atritos e com a possibilidade de se alterarem os ângulos de inclinação, conforme mostra a figura. Na descrição do experimento, quando a esfera de metal é abandonada para descer um plano inclinado de um determinado nível, ela sempre atinge, no plano ascendente, no máximo, um nível igual àquele em que foi abandonada.<br>\n<br>\n<img alt=\'\' src=\'https://questionsstorage.blob.core.windows.net/question/5322122014105259.png\'><br>\n<br>\nSe o ângulo de inclinação do plano de subida for reduzido a zero, a esfera','<p>Se o ângulo de inclinação do plano de subida for reduzido a zero, a força resultante sobre a esfera será nula. F<sub>r</sub>&nbsp;= m*a, como a acelerção também será nula a esfera terá velocidade constante.</p>\n\n<p>I = F*Δ, se F = 0 -&gt; I = 0</p>'),(20,3,'<p>As lentes fotocromáticas escurecem quando expostas à luz solar por causa de reações químicas reversíveis entre uma espécie incolor e outra colorida. Diversas reações podem ser utilizadas, e a escolha do melhor reagente para esse fim se baseia em três principais aspectos: (i) o quanto escurece a lente; (ii) o tempo de escurecimento quando exposta à luz solar; e (iii) o tempo de esmaecimento em ambiente sem forte luz solar. A transmitância indica a razão entre a quantidade de luz que atravessa o meio e a quantidade de luz que incide sobre ele. Durante um teste de controle para o desenvolvimento de novas lentes fotocromáticas, foram analisadas cinco amostras que utilizam reagentes químicos diferentes. No quadro, são apresentados os&nbsp;resultados.<br>\n<br>\n<img alt=\'\' src=\'https://questionsstorage.blob.core.windows.net/question/5222122014104957.png\'></p>\n\n<p>Considerando os três aspectos, qual é a melhor amostra de lente fotocromática para se utilizar em óculos?</p>','A melhor amostra será a que tiver o menor tempo de escurecimento, o menor tempo de esmaecimento e a menor transmitância.&nbsp;'),(21,3,'<p>É comum aos fotógrafos tirar&nbsp;fotos&nbsp;coloridas em ambientes iluminados por lâmpadas fluorescentes, que contêm uma forte composição de luz verde. A consequência desse fato na fotografia é que todos os objetos claros, principalmente os brancos, aparecerão esverdeados. Para equilibrar as cores, deve-se usar um filtro adequado para diminuir a intensidade da luz verde que chega aos sensores da câmera fotográfica. Na escolha desse filtro, utiliza-se o conhecimento da composição das cores-luz primárias: vermelho, verde e azul; e das cores-luz secundárias: amarelo = vermelho + verde, ciano = verde + azul e magenta = vermelho + azul.<br>\nDisponível em:&nbsp;<strong>http://nautilus.fis.uc.pt.</strong>&nbsp;Acesso em: 20 maio 2014 (adaptado).</p>\n\n<p>Na situação descrita, qual deve ser o filtro utilizado para que a fotografia apresente as cores naturais dos objetos?</p>','O ambiente está iluminado com luz verde, então devemos usar uma lente para intensificar as demais cores ( vermelho e azul). Como magenta = vermelho + azul -&gt; devemos usa-lo.<br>\n<br>\n&nbsp;'),(22,4,'<p>Os vidros para veículos produzidos por certo fabricante têm transparências entre 70% e 90%, dependendo do lote fabricado. Isso significa que, quando um feixe luminoso incide no vidro, uma parte entre 70% e 90% da luz consegue atravessá-lo. Os veículos equipados com vidros desse fabricante terão instaladas, nos vidros das portas, películas protetoras cuja transparência, dependendo do lote fabricado, estará entre 50% e 70%. Considere que uma porcentagem&nbsp;<em>P</em>&nbsp;da intensidade da luz, proveniente de uma fonte externa, atravessa o vidro e a película.</p>\n\n<p>De acordo com as informações, o intervalo das porcentagens que representam a variação total possível de&nbsp;<em>P</em>&nbsp;é</p>','<p>Basta que calculemos os valores de um vidro e uma pelicula com os menores valores de transparência e depois com os de maior transparência.</p>\n\n<p>temos: 70%.50% = 35%</p>\n\n<p>e 90%.70% = 63%</p>\n\n<p>letra A</p>'),(23,4,'<p>Durante uma epidemia de uma gripe viral, o secretário de saúde de um município comprou 16 galões de álcool em gel, com 4 litros de capacidade cada um, para distribuir igualmente em recipientes para 10 escolas públicas do município. O fornecedor dispõe à venda diversos tipos de recipientes, com suas respectivas capacidades listadas:</p>\n\n<ul>\n	<li>Recipiente I: 0,125 litro</li>\n	<li>Recipiente II: 0,250 litro</li>\n	<li>Recipiente III: 0,320 litro</li>\n	<li>Recipiente IV: 0,500 litro</li>\n	<li>Recipiente V: 0,800 litro</li>\n</ul>\n\n<p>O secretário de saúde comprará recipientes de um mesmo tipo, de modo a instalar 20 deles em cada escola, abastecidos com álcool em gel na sua capacidade máxima, de forma a utilizar todo o gel dos galões de uma só vez.</p>\n\n<p>Que tipo de recipiente o secretário de saúde deve comprar?</p>','<p>volume em litros = &nbsp;16.4 = 64 litrosde alcool em gel, destribuidos me 200 recipientes de V de capacidade.</p>\n\n<p>64/V = 200 ==&gt; v= 0,32 l</p>\n\n<p>&nbsp;</p>'),(24,4,'<p>A maior piscina do mundo, registrada no livro&nbsp;<em>Guiness</em>, está localizada no Chile, em San Alfonso del Mar, cobrindo um terreno de 8 hectares de área.</p>\n\n<p>Sabe-se que 1 hectare corresponde a 1 hectômetro quadrado.</p>\n\n<p>Qual é o valor, em metros quadrados, da área coberta pelo terreno da piscina?</p>','<p>1hectare = 1hectometro² = 10 000 metros²</p>\n\n<p>logo a resposta é 80 000 m²</p>'),(25,4,'<p>Os incas desenvolveram uma maneira de registrar quantidades e representar números utilizando um sistema de numeração decimal posicional: um conjunto de cordas com nós&nbsp;<em>quipus</em>. O&nbsp;<em>quipus</em>&nbsp;era feito de uma corda matiz, ou principal (mais grossa que as demais), na qual eram penduradas outras cordas, mais finas, de diferentes tamanhos e cores (cordas pendentes). De acordo com a sua posição, os nós significavam unidades, dezenas, centenas e milhares. Na Figura 1, o&nbsp;<em>quipus</em>&nbsp;representa o número decimal 2.453. Para representar o “zero” em qualquer posição, não se coloca nenhum nó.</p>\n\n<p><img alt=\'q177\' height=\'413\' src=\'https://d1i0fc51bv4e6i.cloudfront.net/noticias/wp-content/uploads/2014/11/q177.jpg\' width=\'460\'></p>\n\n<p>O número da representação do&nbsp;<em>quipus</em>&nbsp;da Figura 2, em base decimal, é</p>','<p>3 milhares = 3000</p>\n\n<p>0 centenas= 0</p>\n\n<p>6 dezenas = 60</p>\n\n<p>4 unidades = 4</p>\n\n<p>somando tudo = 3064</p>'),(26,4,'<p>Um executivo sempre viaja entre as cidades A e B, que estão localizadas em fusos horários distintos. O tempo de duração da viagem de avião entre as duas cidades é de 6 horas. Ele sempre pega um voo que sai de A às 15h e chega à cidade B às 18 h (respectivos horários locais).</p>\n\n<p>Certo dia, ao chegar à cidade B, soube que precisava estar de volta à cidade A no horário correto e admitindo que não haja atrasos, ele deve pegar um voo saindo da cidade B, em horário local de B, no máximo à(s)</p>','<p>a viagem demora 6h, logo saindo as 15:00 da cidade A chegará as 21:00 na cidade B em relação a cidade A, porem na cidade B são 18:00 donde podemos retirar que a cidade A esta adiantada em 3 h em relação a B.</p>\n\n<p>considerando o fuso ele deverá sair as 7h horario da cidade A ou seja as 4h na cidade B.</p>'),(27,4,'<p>Uma pessoa compra semanalmente, numa mesma loja, sempre a mesma quantidade de um produto que custa R$ 10,00 a unidade. Como já sabe quanto deve gastar, ela leva sempre R$ 6,00 a mais do que a quantia necessária para comprar tal quantidade, para o caso de eventuais despesas extras. Entretanto, um dia, ao chegar à loja, foi informada de que o preço daquele produto havia aumentado 20%. Devido a esse reajuste, concluiu que o dinheiro levado era a quantia exata para comprar duas unidades a menos em relação à quantidade habitualmente comprada.</p>\n\n<p>A quantia que essa pessoa levava semanalmente para fazer a compra era</p>','<p>Antes do aumento:</p>\n\n<p>10.x +6= valor total, sendo x a quantidade do produto.</p>\n\n<p>depois do aumento:</p>\n\n<p>12.(x-2) = valor total</p>\n\n<p>12.(x-2) = 10x +6 ==&gt; x= 15.</p>\n\n<p>portanto o valor inicial era de&nbsp;</p>\n\n<p>10.15 +6 = 156 reais.</p>\n\n<p>&nbsp;</p>\n\n<p>&nbsp;</p>'),(28,4,'<p>Diariamente, uma residência consume 20.160 Wh. Essa residência possui 100 células solares retangulares (dispositivos capazes de converter a luz solar em energia elétrica) de dimensões 6 cm x 8 cm. Cada uma das tais células produz, ao longo do dia, 24 Wh por centímetro de diagonal. O proprietário dessa residência quer produzir, por dia, exatamente a mesma quantidade de energia que sua casa consome.</p>\n\n<p>Qual deve ser a ação desse proprietário para que ele atinja o seu objetivo?</p>','<p>A diagonal de cada celular valera 10, pois as dimensões são 8 e 6.</p>\n\n<p>cada celula produz, 10.24kWh ==&gt; 240kWh</p>\n\n<p>100 celulas&nbsp;==&gt;24 000kWh</p>\n\n<p>24 000 - 20 160 = &nbsp;3 840</p>\n\n<p>numero de placas = 3 840/240 = 16.</p>\n\n<p>&nbsp;</p>'),(29,4,'<p>Um fazendeiro tem um depósito para armazenar leite formado por duas partes cúbicas que se comunicam, como indicado na figura. A aresta da parte cúbica de baixo tem medida igual ao dobro da medida da aresta da parte cúbica de cima. A torneira utilizada para encher o depósito tem vazão constante e levou 8 minutos para encher metade da parte de baixo,</p>\n\n<p><img alt=\'q173\' height=\'219\' src=\'https://d1i0fc51bv4e6i.cloudfront.net/noticias/wp-content/uploads/2014/11/q173.jpg\' width=\'217\'></p>\n\n<p>Quantos minutos essa torneira levará para encher completamente o restante do depósito?</p>','<p>Volume total:</p>\n\n<p>(2a)³ = 8a³ +<br>\na³ ==&gt; 9a³</p>\n\n<p>para encher meio cubo: 8a³/8 ==&gt; a³/2 por minuto.</p>\n\n<p>(9a³ - 4a³)/a³/2 ==&gt; 10.</p>\n\n<p>&nbsp;</p>'),(30,4,'<p>Um cientista trabalha com as espécie I e II de bactérias em um ambinte de cultura. Inicialmente, existem 350 bactérias da espécie I e 1.250 bactérias da espécie II. O gráfico representa as quantidades de bactérias de cada espécie, em função do dia, durante uma semana.</p>\n\n<p><img alt=\'q172\' height=\'298\' src=\'https://d1i0fc51bv4e6i.cloudfront.net/noticias/wp-content/uploads/2014/11/q172.jpg\' width=\'468\'></p>\n\n<p>Em que dia dessa semana a quantidade total de bactérias nesse ambiente de cultura foi máxima?</p>','A qeustão trata de analize de grafico, portanto basta analizar o grafico e reparar em qual dia teve um somatorio de quantidade de bacterias.'),(31,4,'<p>Na alimentação de gado de corte, o processo de cortar a forragem, colocá-la no solo, compactá-la e protegê-la com uma vedação denomina-se silagem. Os silos mais comuns são os horizontais, cuja forma é a de um prisma reto trapezoidal, conforme mostrado na figura.</p>\n\n<p><img alt=\'q171\' height=\'150\' src=\'https://d1i0fc51bv4e6i.cloudfront.net/noticias/wp-content/uploads/2014/11/q171.jpg\' width=\'406\'></p>\n\n<p>Legenda:<br>\nb – largura do fundo<br>\nB – largura do topo<br>\nC – comprimento do silo<br>\nh – altura do silo</p>\n\n<p>Considere um silo de 2 m de altura, 6 m de largura de topo e 20 m de comprimento. Para cada metro de altura do silo, a largura do topo tem 0,5 m a mais do que a largura do fundo. Após a silagem, 1 tonelada de forragem ocupa 2 m³ desse tipo de silo.</p>\n\n<p>EMBRAPA. Gado de corte. Disponível em:&nbsp;www.cnpgc.embrapa.br.<br>\nAcesso em 1 ago 2012 (adaptado)<br>\nApós a silagem, a quantidade máxima de forragem que cabe no silo, em toneladas, é</p>','<p>basta calcular o volume e fazer a razão entre o volume e a vazão.</p>\n\n<p>V=[(6+5).2].20/2 = 220</p>\n\n<p>(220m³) /(2m³/t) ==&gt; 110t</p>'),(32,4,'<p>Os candidatos K, L, M, N e P estão disputando uma única vaga de emprego em uma empresa e fizeram provas de português, matemática, direito e informática. A tabela apresenta as notas obtidas pelos cinco candidatos.</p>\n\n<p><img alt=\'\' src=\'https://questionsstorage.blob.core.windows.net/question/k24112014174320.png\'><br>\nSegundo o edital de seleção, o candidato aprovado será aquele para o qual a mediana das notas obtidas por ele nas quatro disciplinas for a maior.</p>\n\n<p>O candidato aprovado será</p>','basta colocar as notas em ordem crescente e fazer a mediana de cada um.'),(33,4,'<p>De acordo com a ONU, da água utilizada diariamente,</p>\n\n<ul>\n	<li>25% são para tomar banho, lavar as mãos e escovar os dentes.</li>\n	<li>33% são utilizados em descarga de banheiro.</li>\n	<li>27% são para cozinhar e beber.</li>\n	<li>15% são para as demais atividades.</li>\n</ul>\n\n<p>No Brasil, o consumo de água por pessoa chega, em média, a 200 litros por dia.</p>\n\n<p>O quadro mostra sugestões de consumo moderado de água por pessoa, por dia, em algumas atividades.</p>\n<strong>Atividade /&nbsp;</strong><strong>Consumo total de água na atividade&nbsp;</strong><strong>(em litros)</strong><br>\nTomar banho / 24,0<br>\nDar descarga / 18,0<br>\nLavar as mãos / 3,2<br>\nEscovar os dentes / 2,4<br>\nBeber e cozinhar / 22,0\n<p>&nbsp;</p>\n\n<p>Se cada brasileiro adotar o consumo de água indicado no quadro, mantendo o mesmo consumo nas demais atividades, então economizará diariamente, em média, em litros de água,</p>','<p>aplicando a porcentagem nas respectivas tarefeas de consumo. teremos</p>\n\n<p>banho: 25%.200 - 24,0==&gt;20,4</p>\n\n<p>descarga: 33%.200 - 18 ==&gt; 48</p>\n\n<p>cozinha: 27%.200 - 22 ==&gt; 32</p>\n\n<p>a economia total será: 20,4+48+32 ==&gt;100,4</p>\n\n<p>&nbsp;</p>'),(34,4,'<p>Um carpinteiro fabrica portas retangulares maciças, feitas de um mesmo material. Por&nbsp; ter recebido de seus clientes pedidos de portas mais altas, aumentou sua altura em , preservando suas espessuras. A fim de manter o custo com o material de cada porta, precisou reduzir a largura.</p>\n\n<p>A razão entre a largura da nova porta e a largura da porta anterior é</p>','<p>utlizando os dados da questão e fazendo x, y e z como respectivamente altura, largura e espessura da porta, temos que:</p>\n\n<p>nova altura: x+x/8 = 9x/8</p>\n\n<p>a nova espessura será igual, portanto será z</p>\n\n<p>então teremos:</p>\n\n<p>9x/8.y\'.z = x.y.z &nbsp;==&gt; y\'/y = 8/9</p>'),(35,4,'<p>A figura mostra uma criança brincando em um balanço no parque. A corda que prende o assento do balanço ao topo do suporte mede 2 metros. A criança toma cuidado para não sofrer um acidente, então se balança de modo que a corda não chegue a alcançar a posição horizontal.</p>\n\n<p>Na figura, considere o plano cartesiano que contém a trajetória do assento do balanço, no qual a origem está localizada no topo do suporte do balanço, o eixo&nbsp;<em>X</em>&nbsp;é paralelo ao chão do parque e o eixo&nbsp;<em>Y</em>&nbsp;tem orientação positiva para cima.</p>\n\n<p><img alt=\'q167\' height=\'230\' src=\'https://d1i0fc51bv4e6i.cloudfront.net/noticias/wp-content/uploads/2014/11/q167.jpg\' width=\'467\'></p>\n\n<p>A curva determinada pela trajetória do assento do balanço é parte do gráfico da função</p>','<p>a alternativa correta é a D, pois a trajetória de uma circunferência, X² + Y² = 4, pois o raio é 2.</p>\n\n<p>logo isolando o y e sabendo que esta sempra abaixo do eixo X, temos a letra D.</p>'),(36,4,'<p>Uma criança deseja criar triângulos utilizando palitos de fósforo de mesmo comprimento. Cada triângulo será construído com exatamente 17 palitos e pelo menos um dos lados do triângulo deve ter o comprimento de exatamente 6 palitos. A figura ilustra um triângulo construído com essas características.</p>\n\n<p><img alt=\'q166\' height=\'166\' src=\'https://d1i0fc51bv4e6i.cloudfront.net/noticias/wp-content/uploads/2014/11/q166.jpg\' width=\'261\'></p>\n\n<p>A quantidade máxima de triângulos não congruentes dois a dois que podem ser construídos é</p>','<p>sabendo que X+y+6 = 17</p>\n\n<p>x+y=11</p>\n\n<p>supondo x&gt;y temos que:</p>\n\n<p>x-y&lt; 6</p>\n\n<p>Como vemos x+y impar, então x-y tambem é par.x-y={1,3,5}</p>\n\n<p>logo existem 3 possibilidades para construção.</p>'),(37,4,'<p>Durante a Segunda Guerra Mundial, para decifrarem as mensagens secretas, foi utilizada a técnica de decomposição em fatores primos. Um número&nbsp;<em>N</em>&nbsp;é dado pela expressão 2<sup>x</sup>. 5<sup>y</sup>.7<sup>z</sup>, na qual x, y e z são números inteiros não negativos. Sabe-se que&nbsp;<em>N&nbsp;</em>é múltiplo de 10 e não é múltiplo de 7.</p>\n\n<p>O número de divisores de&nbsp;<em>N</em>, diferentes de&nbsp;<em>N</em>, é</p>','<p>Esta questão trata de divisores, e para achar o numero de divisores de um numero, existe uma formula :</p>\n\n<p>2<sup>x</sup>. 5<sup>y</sup>.7<sup>z</sup></p>\n\n<p>N = (x+1).(y+1).(z+1)</p>\n\n<p>porem como queremos excluir o próprio numero como divisor entao teremos que diminuir 1</p>\n\n<p>(x+1).(y+1).(z+1) -1</p>'),(38,4,'<p>Um professor, depois de corrigir as provas de sua turma, percebeu que várias questões estavam muito difíceis. Para compensar, decidiu utilizar uma função polinomial f, de grau menor que 3, para alterar as notas x da prova para notas y = f(x), da seguinte maneira:</p>\n\n<p>– A nota zero permanece zero.</p>\n\n<p>– A nota 10 permanece 10.</p>\n\n<p>– A nota 5 passa a ser 6.</p>\n\n<p>A expressão da função y = f(x) a ser utilizada pelo professor é</p>','<p>Analizaremos as opções e reparando na alternativa A, e fazendo as devidas substituições</p>\n\n<p>x=0 y=0 (verdade)</p>\n\n<p>x=10 y=10 (verdade)</p>\n\n<p>x=5 y=6 (verdade)</p>\n\n<p>logo como sasitfaz em todos os sentidos o enunciado, então temo que a função dada é a resposta.</p>'),(39,4,'<p>Uma pessoa possui um espaço retangular de lados 11,5 m e 14 m no quintal de sua casa e pretende fazer um pomar doméstico de maçãs. Ao pesquisar sobre o plantio dessa fruta, descobriu que as mudas de maçã devem ser plantadas em covas com uma única muda e com espaçamento mínimo de 3 metros entre elas e entre elas e as laterais do terreno. Ela sabe que conseguirá plantar um número maior de mudas em seu pomar se dispuser as covas em filas alinhadas paralelamente ao lado de maior extensão.</p>\n\n<p>O número máximo de mudas que essa pessoa poderá plantar no espaço disponível é</p>','<p>retirando-se 3 m de cada lado obteremos a área util, 8x5,4.</p>\n\n<p>no lado maior só acomodam-se 3 mudas, ja que 4 mudas precisão de 9m.</p>\n\n<p>organizando da melhor forma veremos que altura do triangulo formado pela arrumação é h² = 3³+1,5² ==&gt; 3.raiz[3]/2 ou seja sabemos que cabem 2 mudas em(5,4).</p>\n\n<p>e por fim constata-se que caberam 9 mudas no total.</p>'),(40,4,'<p>Para analisar o desempenho de um método diagnóstico, realizam-se estudos em populações contendo pacientes sadios e doentes. Quatro situações distintas podem acontecer nesse contexto de teste:</p>\n\n<p>1) Paciente TEM a doença e o resultado do teste é POSITIVO.</p>\n\n<p>2) Paciente TEM a doença e o resultado do teste é NEGATIVO.</p>\n\n<p>3) Paciente NÃO TEM a doença e o resultado do teste é POSITIVO.</p>\n\n<p>4) Paciente NÃO TEM a doença e o resultado do teste é NEGATIVO.</p>\n\n<p>Um índice de desempenho para avaliação de um teste diagnóstico é a sensibilidade definida como a probabilidade de o resultado do teste ser POSITIVO se o paciente estiver com a doença.</p>\n\n<p>O quadro refere-se a um teste diagnóstico para a doença A, aplicado em uma amostra composta por duzentos indivíduos.<br>\n<img alt=\'\' src=\'https://questionsstorage.blob.core.windows.net/question/tt23112014191311.png\'><br>\nConforme o quadro do teste proposto, a sensibilidade dele é de</p>','<p>a sensibilidade nada mais é do que a probabilidade de estar certo, ou seja de dar positivo se o paciente realmente tiver com a doença, ou seja:</p>\n\n<p>95%</p>'),(41,4,'<p>Uma loja que vende sapatos recebeu diversas reclamações de seus clientes relacionadas à venda de sapatos de cor branca ou preta. Os donos da loja anotaram as numerações dos sapatos com defeito e fizeram um estudo estatístico com o intuito de reclamar com o fabricante.</p>\n\n<p>A tabela contém a média, a mediana e a moda desses dados anotados pelos donos<br>\n<img alt=\'\' src=\'https://questionsstorage.blob.core.windows.net/question/tab2311201418443.png\'><br>\nPara quantificar os sapatos pela cor, os donos representaram a cor branca pelo número 0 e a cor preta pelo número 1. Sabe-se que a média da distribuição desses zeros e uns é igual a 0,45.</p>\n\n<p>Os donos da loja decidiram que a numeração dos sapatos com maior número de reclamações e a cor com maior número de reclamações não serão mais vendidas.</p>\n\n<p>A loja encaminhou um ofício ao fornecedor dos sapatos, explicando que não serão mais encomendados os sapatos de cor</p>','<p>basta analizar a média, e a moda.</p>\n\n<p>a média é menor do qeu 0,5 ou seja a maioria dos sapatos são zeros(sapatos brancos) e a moda é 38, ou seja sapatos brancos numero 38, nao devem ser mais encomendados.</p>'),(42,4,'<p>O condomínio de um edifício permite que cada proprietário de apartamento construa um armário em sua vaga de garagem. O projeto da garagem, na escala 1 : 100, foi disponibilizado aos interessados já com as especificações das dimensões do armário, que deveria ter o formato de um paralelepípedo retângulo reto, com dimensões, no projeto, iguais a 3 cm, 1 cm e 2 cm.</p>\n\n<p>O volume real do armário, em centímetros cúbicos, será</p>','<p>basta aplicar a escala antes de calcular o volume, dai ficaremos com:</p>\n\n<p>300cmx100cmx200cm ==&gt; 6 000 000</p>'),(43,4,'<p>O Brasil é um país com uma vantagem econômica clara no terreno dos recursos naturais, dispondo de uma das maiores áreas com vocação agrícola do mundo. Especialistas calculam que, dos 853 milhões de hectares do país, as cidades, as reservas indígenas e as áreas de preservação, incluindo florestas e mananciais, cubram por volta de 470 milhões de hectares. Aproximadamente 280 milhões se destinam à agropecuária, 200 milhões para pastagens e 80 milhões para a agricultura, somadas as lavouras anuais e as perenes, como o café e a fruticultura.</p>\n\n<h5>FORTES, G. Recuperação de pastagens é alternativa para ampliar cultivos.</h5>\n\n<h5>Folha de S. Paulo, 30 out. 2011.</h5>\n\n<p>De acordo com os dados apresentados , o percentual correspondente à área utilizada para agricultura em relação à área do território brasileiro é mais próximo de</p>','<p>basta fazer a razão entre a área destinada a agricultura e a área total:</p>\n\n<p>80 milhões/853 milhões ==&gt; 9,4%</p>'),(44,4,'<p>Uma empresa farmacêutica produz medicamentos em pílulas, cada uma na forma de um cilindro com uma semiesfera com o mesmo raio do cilindro em cada uma de suas extremidades. Essas pílulas são moldadas por uma máquina programada para que os cilindros tenham sempre 10 mm de comprimento, adequando o raio de acordo com o volume desejado.</p>\n\n<p>Um medicamento é produzido em pílulas com 5 mm de raio. Para facilitar a deglutição, deseja-se produzir esse medicamento diminuindo o raio para 4 mm, e, por consequência, seu volume. Isso exige a reprogramação da máquina que produz essas pílulas.</p>\n\n<p>Use 3 como valor aproximado para p.</p>\n\n<p>A redução do volume da pílula, em milímetros cúbicos, após reprogramação da máquina, será igual a</p>','<p><img alt=\'\' src=\'https://questionsstorage.blob.core.windows.net/question/res23112014145716.png\'><br>\npara calcular o volume temos que calcular o volume do cilindro mais o volume das duas semiesferas isso deve ser feito para os 2 valores de raio.<br>\nV<sub>5</sub>= (π.5<sup>2</sup>.10 + 4.π.5<sup>3</sup>/3) = 1 250 mm<sup>3</sup><br>\nV<sub>4 = (</sub>(π.4<sup>2</sup>.10 + 4.π.4<sup>3</sup>/3) = 736 mm<sup>3</sup><br>\nFazendo V<sub>5</sub>-V<sub>4</sub>&nbsp;= 1 250 - 736 =<sub>&nbsp;</sub>514 mm<sup>3</sup></p>'),(45,4,'<p>No Brasil há várias operadoras e planos de telefonia celular.</p>\n\n<p>Uma pessoa recebeu 5 propostas (A, B, C, D, e E) de planos telefônicos. O valor mensal de cada plano está em função do tempo mensal das chamadas, conforme o gráfico.</p>\n\n<p><img alt=\'q157\' height=\'412\' src=\'https://d1i0fc51bv4e6i.cloudfront.net/noticias/wp-content/uploads/2014/11/q157.jpg\' width=\'403\'></p>\n\n<p>Essa pessoa pretende gastar exatamente R$ 30,00 por mês com telefone.</p>\n\n<p>Dos planos telefônicos apresentados, qual é o mais vantajoso, em tempo de chamada, para o gasto previsto para essa pessoa?</p>','A questão trata de analize de grafico, basta analzar e verar-se que o mais vantajodo é o C'),(46,4,'<p>Em uma cidade, o valor total da conta de energia elétrica é obtido pelo produto entre o consumo (em kWh) e o valor da tarifa do kWh (com tributos), adicionado à Cosip (contribuição para custeio da iluminação pública), conforme a expressão:</p>\n\n<p>Valor do kWh (com tributos) x consumo (em kWh) + Cosip</p>\n\n<p>O valor da Cosip é fixo em cada faixa de consumo. O quadro mostra o valor cobrado para algumas faixas.<br>\n<img alt=\'\' src=\'https://questionsstorage.blob.core.windows.net/question/kkk23112014144813.png\'><br>\n&nbsp;</p>\n\n<p>Suponha que, em uma residência, todo mês o consumo seja de 150 kWh, e o valor do kWh (com tributos) seja de R$ 0,50. O morador dessa residência pretende diminuir seu consumo mensal de energia elétrica com objetivo de reduzir o custo total da conta em pelo menos 10%.</p>\n\n<p>Qual deve ser o consumo máximo, em kWh, dessa residência para produzir a redução pretendida pelo morador?</p>','<p>150 kWh ==&gt; 150. 0,50 +4,50 = R$79,50&nbsp;<br>\nreduzindo 10% ==&gt;&nbsp;R$79,50.0,9 = R$ 71,55<br>\nagora calculemos o consumo X:</p>\n\n<p>X.0,50 + 3,00 =&nbsp;R$ 71,55</p>\n\n<p>x=137,1</p>'),(47,4,'Um pesquisador está realizando várias séries de experimentos com alguns reagentes para verificar qual o mais adequado para a produção de um determinado produto. Cada série consiste em avaliar um dado reagente em cinco experimentos diferentes. O pesquisador está especialmente interessado naquele reagente que apresentar a maior quantidade dos resultados de seus experimentos acima da média encontrada para aquele reagente. Após a realização de cinco séries de experimentos, o pesquisador encontrou os seguintes resultados:\n<p><img alt=\'\' src=\'https://questionsstorage.blob.core.windows.net/question/ques23112014143617.png\'></p>\n\n<p>Levando-se em consideração os experimentos feitos, o reagente que atende às expectativas do pesquisador é o</p>','<p>basta fazer a média de cada reagente, somando a quantidade de cada de cada reagente nos 5 experimentos.</p>\n\n<p>reagente 1: média 6</p>\n\n<p>reagente 2: média 4,8</p>\n\n<p>reagente 3: méda 6,8</p>\n\n<p>reagente 4: média 6,6</p>\n\n<p>reagente 5: média 6,6</p>\n\n<p>&nbsp;</p>\n\n<p>o que possui resultado acima da média é o reagente 2.</p>\n\n<p>letra b</p>'),(48,4,'<p>O acesso entre dois andares de uma casa é feito através de uma escada circular (escada caracol), representada na figura. Os cinco pontos&nbsp;<em>A, B, C, D, E</em>&nbsp;sobre o corrimão estão igualmente espaçados, e os pontos P, A e E estão em uma mesma reta. Nessa escada uma pessoa caminha deslizando a mão sobre o corrimão do ponto A até o ponto D.</p>\n\n<p><img alt=\'q154\' height=\'255\' src=\'https://d1i0fc51bv4e6i.cloudfront.net/noticias/wp-content/uploads/2014/11/q154.jpg\' width=\'347\'></p>\n\n<p>Afigura que melhor representa a projeção ortogonal, sobre o piso da casa (plano), do caminho percorrido pela mão dessa pessoa é:</p>','<p>basta analizar a figura e visualizar a projeção no chão, e verá um circulo incompleto, pois a escada é aberta.</p>\n\n<p>letra c</p>'),(49,4,'<p>&nbsp;Companhia de Engenharia de Tráfego (CET) de São Paulo testou em 2013 novos radares que permitem o cálculo da velocidade média desenvolvida por um veículo em um trecho da via.</p>\n\n<p><img alt=\'q153\' height=\'347\' src=\'https://d1i0fc51bv4e6i.cloudfront.net/noticias/wp-content/uploads/2014/11/q153.jpg\' width=\'489\'></p>\n\n<p>As medições de velocidade deixariam de ocorrer de maneira instantânea, ao se passar pelo radar, e seriam feitas a partir da velocidade média no trecho, considerando o tempo gasto no percurso entre um radar e outro. Sabe-se que a velocidade média é calculada como sendo a razão entre a distância percorrida e o tempo gasto para percorrê-la.</p>\n\n<p>O teste realizado mostrou que o tempo que permite uma condução segura de deslocamento no percurso entre os dois radares deveria ser de, no mínimo, 1 minuto e 24 segundos. Com isso, a CET precisa instalar uma placa antes do primeiro radar informando a velocidade média máxima permitida nesse trecho da via. O valor a ser exibido na placa deve ser o maior possível, entre os que atendem às condições de condução segura observadas.</p>\n\n<h5>Disponível em: www1.folha.uol.com.br. Acesso em: 11 jan. 2014 (adaptado)</h5>\n\n<p>A placa de sinalização que informa a velocidade que atende a essas condições é</p>','<p>Basta lembrar da formnula da velocidade média:</p>\n\n<p>Vm = D/t &nbsp;disância/tempo</p>\n\n<p>tempo &nbsp;em horas = 84s/3600(s/h) &nbsp;==84/3600 h</p>\n\n<p>Vm = 2,1km/(84/3600 h) &nbsp;== &gt;90 km/h</p>'),(50,4,'<p>O psicólogo de uma empresa aplica um teste para analisar a aptidão de um candidato a determinado cargo. O teste consiste em uma série de perguntas cujas respostas devem ser verdadeiro ou falso e termina quando o psicólogo fizer a décima pergunta ou quando o candidato der a segunda resposta errada. Com base em testes anteriores, o psicólogo sabe que a probabilidade de o candidato errar uma resposta é 0,20.</p>\n\n<p>A probabilidade de o teste terminar na quinta pergunta é</p>','<p>podemos usar combinação para descobrir a probabilidade de errar 1 de 4</p>\n\n<p>P= C<sub>4,1</sub>.0,8<sup>3</sup>&nbsp;==&gt;&nbsp;0,08192.</p>'),(51,4,'<p>Um cliente de uma videolocadora tem o hábito de alugar dois filmes por vez. Quando os devolve, sempre pega outros dois filmes e assim sucessivamente. Ele soube que a videlocadora recebeu alguns lançamentos, sendo 8 filmes de ação, 5 de comédia e 3 de drama e, por isso, estabeleceu uma estratégia para ver todos esses 16 lançamentos. Inicialmente alugará, em cada vez, um filme de ação e um de comédia. Quando se esgotarem as possibilidades de comédia, o cliente alugará um filme de ação e um de drama, até que todos os lançamentos sejam vistos e sem que nenhum filme seja repetido.</p>\n\n<p>De quantas formas distintas a estratégia desse cliente poderá ser posta em prática?</p>','<p>filmes de ação ==&gt; P<sub>8&nbsp;</sub>= 8!</p>\n\n<p>filmes de comédia ==&gt; P<sub>5</sub>&nbsp;= 5!</p>\n\n<p>drama ==&gt; P<sub>3&nbsp;</sub>= 3!</p>\n\n<p>para embaralhar as formas teremos:</p>\n\n<p>8!x5!x3!</p>'),(52,4,'<p>Ao final de uma competição de ciências em uma escola, restaram apenas três candidatos. De acordo com as regras, o vencedor será o candidato que obtiver a maior média ponderada entre as notas das provas finais nas disciplinas química e física, considerando, respectivamente, os pesos 4 e 6 para ela. As notas são sempre números inteiros. Por questões médicas, o candidato II ainda não faz a prova final de química. No dia em que sua avaliação for aplicada, as notas dos outros dois candidatos, em ambas as disciplinas, já terão sido divulgadas.</p>\n\n<p>Ao menor nota que o candidato II deverá obter na prova final de química para vencer a competição é</p>','<p>basta fazer a média para os 2 candidatos:</p>\n\n<p>candidato I = (20.4 + 23.6)/10 &nbsp;= 21,8</p>\n\n<p>canditado II = (21.4 + 18.6)/10 &nbsp;= 19,2</p>\n\n<p>para o candidato II vencer tem que superar o I,logo:</p>\n\n<p>(X.4 + 25.6)/10 &gt; 21,8</p>\n\n<p>x&gt;17</p>\n\n<p>logo, a menor nota é 18.</p>'),(53,4,'<p>Boliche é um jogo em que se arremessa uma bola sobre uma pista para atingir dez pinos, dispostos em uma formação de base triangular, buscando derrubar o maior número de pinos. A razão entre o total de vezes em que um jogador derruba todos os pinos e o número de jogadas determina o seu desempenho.</p>\n\n<p>Em uma disputa entre cinco jogadores, foram obtidos os seguintes resultados:</p>\n\n<p>Jogador I – Derrubou todos os pinos 50 vezes em 85 jogadas.</p>\n\n<p>Jogador II – Derrubou todos os pinos 40 vezes em 65 jogadas.</p>\n\n<p>Jogador III – Derrubou todos os pinos 20 vezes em 65 jogadas.</p>\n\n<p>Jogador IV – Derrubou todos os pinos 30 vezes em 40 jogadas.</p>\n\n<p>Jogador V – Derrubou todos os pinos 48 vezes em 90 jogadas.</p>\n\n<p>Qual desses jogadores apresentou maior desempenho?</p>','<p>a questãoé muito simples, basta fazer o rendimento de cada jogador e avaliar qual destes tem o maior rendimento.</p>\n\n<p>I ==&gt; 50/85 = 0,59 aproximadamente.</p>\n\n<p>II ==&gt; 40/65 = 0,62 aproximadamente</p>\n\n<p>III ==&gt; 20/65 = 0,31 aproximadamente</p>\n\n<p>IV ==&gt; 30/40 = 0,75 aproximadamente</p>\n\n<p>V ==&gt; 48/90 = 0,53 aproximadamente</p>\n\n<p>entãoo que possui maior rendimento é o jogador IV.</p>'),(54,4,'<p>Uma empresa de alimentos oferece três valores diferentes de remuneração a seus funcionários, de acordo com o grau de instrução necessário para cada cargo. No ano de 2013, a empresa teve uma receita de 10 milhões de reais por mês e um gasto mensal com a folha salarial de R$ 400 000,00, distribuídos de acordo com o Gráfico 1. No ano seguinte, a empresa ampliará o número de funcionários mantendo o mesmo valor salarial para cada categoria. Os demais custos da empresa permanecerão constantes de 2013 para 2014. O número de funcionários em 2013 e 2014, por grau de instrução está no Gráfico 2.</p>\n\n<p><img alt=\'q148_graficos1e2\' height=\'672\' src=\'https://d1i0fc51bv4e6i.cloudfront.net/noticias/wp-content/uploads/2014/11/q148_graficos1e2.jpg\' width=\'482\'></p>\n\n<p>Qual deve ser o aumento na receita da empresa para que o lucro mensal em 2014 seja o mesmo de 2013?</p>','<p>a questão é bem simples basta aplicar os valores de porcentagem que a questão dispõe:<br>\n<br>\nfundamental:<br>\n(12,5%.R$ 400 000,00)/50 &nbsp;= R$1 000,00</p>\n\n<p>médio:<br>\n(74%.R$ 400 000,00)/150 &nbsp;= R$2 000,00<br>\n<br>\nsuperior:<br>\n(12,5%.R$ 400 000,00)/10 &nbsp;= R$5 000,00<br>\n<br>\no gassto total:</p>\n\n<p>70.R$1 000,00 + 80.R$2 000,00 + 20.R$5 000,00 &nbsp;= R$530 000,00<br>\n<br>\nportanto para obter o mesmo lucro deverá aumentar seus ganhos em R$130 000 ,00</p>'),(55,4,'<p><strong>&nbsp;&nbsp;</strong>Uma organização não governamental divulgou um levantamento de dados realizado em algumas cidades brasileiras sobre saneamento básico. Os resultados indicam que somente 36% do esgoto gerado nessas cidades é tratado, o que mostra que 8 bilhões de litros de esgoto sem nenhum tratamento são lançados todos os dias nas águas.</p>\n\n<p>Uma campanha para melhorar o saneamento básico nessas cidades tem como meta a redução da quantidade de esgoto lançado nas águas diretamente, sem tratamento para 4 bilhões de litros nos próximos meses. Se o volume de esgoto gerado permanecer&nbsp; o mesmo e a meta dessa campanha se concretizar, o percentual de esgoto tratado passará a ser</p>','<p>primeiro precisamos saber qual é o volume total de esgoto, e sabendo que o volume tratado é de 8 bilhções de litros temos que:<br>\n64%.V = 8 bilhões</p>\n\n<p>V= 12,5 bilhões de litros.<br>\ncomo se quer reduzir o volume de esgoto sem tratamento teremos que:</p>\n\n<p>volume tratado = 8,5 bilhões</p>\n\n<p>a porcentagem será:</p>\n\n<p>8,5/12,5 = 68% tratado</p>'),(56,4,'<p>Uma lata de tinta, com a forma de um paralelepípedo retangular reto, tem as dimensões em centímetros, mostradas na figura.</p>\n\n<p><img alt=\'q146\' height=\'218\' src=\'https://d1i0fc51bv4e6i.cloudfront.net/noticias/wp-content/uploads/2014/11/q146.jpg\' width=\'229\'></p>\n\n<p>Será produzida uma nova lata, com os mesmos formato e volume, de tal modo que as dimensões de sua base sejam 25% maiores que as da lata atual.</p>\n\n<p>Para obter a altura da nova lata, a altura da lata atual deve ser reduzida em</p>','<p>chamando de x% a taxa de redução da altura, do enunciado vem:<br>\n(5/4).(5/4).(1-x%) = 1</p>\n\n<p>resolvendo a equação temos que x = 36%</p>\n\n<p>&nbsp;</p>'),(57,4,'<p>Conforme regulamento da Agência Nacional de Aviação Civil (Anac), o passageiro que embarcar em voo doméstico poderá transportar bagagem de mão, contudo a soma das dimensões da bagagem (altura + comprimento +largura) não pode ser superior a 115 cm.</p>\n\n<p>A figura mostra a panificação de uma caixa que tem a forma de um paralelepípedo retângulo.</p>\n\n<p><img alt=\'q145\' height=\'226\' src=\'https://d1i0fc51bv4e6i.cloudfront.net/noticias/wp-content/uploads/2014/11/q145.jpg\' width=\'402\'></p>\n\n<p>O maior valor possível para x, em centímetros, para que a caixa permaneça dentro dos padrões permitidos pela Anac é</p>','<p>o enunciado nos da que:</p>\n\n<p>x+42+24 &lt;= 115</p>\n\n<p>logo x&lt;=49</p>'),(58,4,'<p>Um show especial de natal teve 45 000 ingressos vendidos. Esse evento ocorrerá em um estádio de futebol que disponibilizará 5 portões de entrada, com 4 catracas eletrônicas por portão. Em cada uma dessas catracas, passará uma única pessoa a cada 2 segundos. O público foi igualmente dividido pela quantidade de portões e catracas, indicados no ingresso para o show, para a efetiva entrada no estádio. Suponha que todos aqueles que compraram ingressos irão ao show e que todos passarão pelos portões e catracas eletrônicas indicados.</p>\n\n<p>Qual é o tempo mínimo para que todos passem pelas catracas?</p>','<p>a questáo é bem simples, trata-se de:</p>\n\n<p>numero de catracas = 5.4&nbsp;</p>\n\n<p>total de pessoas = 45 000</p>\n\n<p>pessoas/catraca = 45 000/20 = 2 250</p>\n\n<p>tempo/pessoa = 2s</p>\n\n<p>tempo total= 2. (2 250) = 1 h e 15 min</p>'),(59,4,'<p>O Ministério da Saúde e as unidades federadas promovem frequentemente campanhas nacionais e locais de incentivo à doação voluntária de sangue, em regiões com menor número de doadores por habitante, com o intuito de manter a regularidade de estoques nos serviços hemoterápicos. Em 2010, foram recolhidos dados sobre o número de doadores e o número de habitantes de cada região conforme o quadro seguinte</p>\n\n<p><img alt=\'q143\' height=\'241\' src=\'https://d1i0fc51bv4e6i.cloudfront.net/noticias/wp-content/uploads/2014/11/q143.jpg\' width=\'462\'></p>\n\n<p>Os resultados obtidos permitiram que estados, municípios e o governo federal estabelecessem as regiões prioritárias do país para a intensificação das campanhas de doação de sangue.</p>\n\n<p>A campanha deveria ser intensificada nas regiões em que o percentual de doadores por habitante fosse menor ou igual ao do país.</p>\n\n<p>Disponível em:&nbsp;http://bvsms.saude.gov.br. Acesso em: 2 ago. 2013 (adaptado)</p>\n\n<p>As regiões brasileiras onde foram intensificadas as campanhas na época são</p>','<p>o percentual total de doadores do País é de 1,9%, e a unicas áreas que possuem percentual menor do que esses:</p>\n\n<p>Nordeste, Norte e Sudeste.</p>'),(60,4,'<p>A taxa de fecundidade é um indicador que expressa a condição reprodutiva média das mulheres de uma região, e é importante para uma análise da dinâmica demográfica dessa região. A tabela apresenta os dados obtidos pelos Censos de 2000 e 2010, feitos pelo IBGE, com relação à taxa de fecundidade no Brasil.</p>\n\n<p><img alt=\'q142\' height=\'120\' src=\'https://d1i0fc51bv4e6i.cloudfront.net/noticias/wp-content/uploads/2014/11/q142.jpg\' width=\'475\'></p>\n\n<p>Suponha que a variação percentual relativa na taxa de fecundidade no período de 2000 a 2010 se repita no período de 2010 a 2020.</p>\n\n<p>Nesse caso, em 2020 a taxa de fecundidade no Brasil estará mais próxima de</p>','<p>basta usar a proporção:</p>\n\n<p>1,90/2,38 = t/1,90 ==&gt; 1,52 aproximadamente.</p>'),(61,4,'<p>O gráfico apresenta as taxas de desemprego durante o ano de 2011 e o primeiro semestre de 2012 na região metropolitana de São Paulo. A taxa de desemprego total é a soma das taxas de desemprego aberto e oculto.</p>\n\n<p><img alt=\'q141\' height=\'227\' src=\'https://d1i0fc51bv4e6i.cloudfront.net/noticias/wp-content/uploads/2014/11/q141.jpg\' width=\'453\'></p>\n\n<p>Suponha que a taxa de desemprego oculto do mês de dezembro de 2012 tenha sido a metade da mesma taxa em junho de 2012 e que a taxa de desemprego total em dezembro de 2012 seja igual a essa taxa em dezembro de 2011.</p>\n\n<p>Disponível em:&nbsp;www.dieese.org.br. Acesso em: 1 ago. 2012 (fragmento)</p>','<p>analizando o os dados da questão ja é possivel encontrar a resposta.</p>\n\n<p>desemprego dezembro 2012: 2,2/2 = 1,1</p>\n\n<p>desemprego total em dezembro: 9,0</p>\n\n<p>9,0 - 1,1 = 7,9</p>'),(62,4,'<p>Um sinalizador de trânsito tem o formato de um cone circular reto. O sinalizador precisa ser revestido externamente com o adesivo fluorescente, desde sua base (base do cone) até a metade de sua altura, para sinalização noturna. O responsável pela colocação do adesivo precisa fazer um corte do material de maneira que a forma do adesivo corresponda exatamente à parte da superfície lateral a ser revestida.</p>\n\n<p>Qual deverá ser a forma do adesivo?</p>','basta obseravar será formado um tronco de cone reto, dai sua planificação fica:<br>\n<img alt=\'\' src=\'https://questionsstorage.blob.core.windows.net/question/co2311201412727.png\'>'),(63,4,'<p>Para comemorar o aniversário de uma cidade, um artista projetou uma escultura transparente e oca, cujo formato foi inspirado em uma ampulheta. Ela é formada por três partes de mesma altura: duas são troncos de cone iguais e a outra é um cilindro. A figura é a vista frontal dessa escultura.</p>\n\n<p><img alt=\'q139\' height=\'164\' src=\'https://d1i0fc51bv4e6i.cloudfront.net/noticias/wp-content/uploads/2014/11/q139.jpg\' width=\'232\'><br>\n&nbsp;</p>\n\n<p>No topo da escultura foi ligada uma torneira que verte água, para dentro dela, com vazão constante.</p>\n\n<p>O gráfico que expressa a altura (h) da água na escultura em função do tempo (t) decorrido é</p>','<p>deve-se analizar por partes, a primeira parte será o enchimento do troco de um cone com a base maior para baixo, a segunda parte será o enchimento de um cilindro, e a terceira parte o enchimento de um tronco porem com a base maior para cima.</p>\n\n<p>1º parte: uma curva crescente, mas menos acentuado do que o da 3º parte.</p>\n\n<p>2º parte: seria uma reta aproximadamente.</p>\n\n<p>3 º parte: uma curva porem mais acentuada do que a 1º</p>'),(64,4,'<p>Uma ponte precisa ser dimensionada de forma que possa ter três pontos de sustentação. Sabe-se que a carga máxima suportada pela ponte será de 12 t. O ponto de sustentação central receberá 60% da carga da ponte e o restante da carga será distribuído igualmente entre os outros dois pontos de sustentação.</p>\n\n<p>No caso de carga máxima, as cargas recebidas pelos três pontos de sustentação serão, respectivamente,</p>','basta aplicar a porcentagem falada no enunciado, e portanto:<br>\ncentro= 60%.12t = 7,2t<br>\ndemais pontos = 20%.12t = 2,4t cada um.<br>\n&nbsp;'),(65,4,'<p>Uma empresa que organiza eventos de formatura confecciona canudos de diplomas a partir de folhas de papel quadradas. Para que todos os canudos fiquem idênticos, cada folha é enrolada em torno de um cilindro de madeira de diâmetro d em centímetros, sem folga, dando-se 5 voltas completas em torno de tal cilindro. Ao final, amarra-se um cordão no meio do diploma, bem ajustado, para que não ocorra o desenrolamento, como ilustrado na figura.</p>\n\n<p><img alt=\'q137\' height=\'113\' src=\'https://d1i0fc51bv4e6i.cloudfront.net/noticias/wp-content/uploads/2014/11/q137.jpg\' width=\'432\'></p>\n\n<p>Em seguida, retira-se o cilindro de madeira do meio do papel enrolado, finalizando a confecção do diploma. Considere que a espessura da folha de papel original seja desprezível.</p>\n\n<p>Qual é a medida, em centímetros, do lado da folha de papel usado na confecção do diploma?</p>','<p>basta aplica a formula do comprimento de circunferência e multiplicar pelas voltas.</p>\n\n<p>2π.d/2 . (5) = 5πd</p>'),(66,4,'<p>A Figura 1 representa uma gravura retangular com 8 m de comprimento e 6 m de altura.</p>\n\n<p><img alt=\'q136_figura1\' height=\'320\' src=\'https://d1i0fc51bv4e6i.cloudfront.net/noticias/wp-content/uploads/2014/11/q136_figura1.jpg\' width=\'389\'></p>\n\n<p>Deseja-se reproduzi-la numa folha de papel retangular com 42 cm de comprimento e 30 cm de altura, deixando livres 3 cm em cada margem, conforme a Figura 2.</p>\n\n<p><img alt=\'q136_figura2\' height=\'404\' src=\'https://d1i0fc51bv4e6i.cloudfront.net/noticias/wp-content/uploads/2014/11/q136_figura2.jpg\' width=\'431\'><br>\n&nbsp;</p>\n\n<p>A reprodução da gravura deve ocupar o máximo possível da região disponível, mantendo as proporções da Figura 1.</p>\n\n<p>PRADO, A. C. Superinteressante, ed 301, fev. 2012 (adaptado)</p>\n\n<p>A escala da gravura reproduzida na folha de papel é</p>','<p>Basta fazer as proporções entre as dimensões da figura ou seja:<br>\n800/36 = aproximadamente 22</p>\n\n<p>600/24 = 25, ou seja mantendo as proporções a utilização maxima da área será quando a escala for&nbsp;</p>\n\n<p>1:25</p>'),(67,5,'Censura moralista<br>\nHá tempos que a leitura está em pauta. E, diz-se, em<br>\ncrise. Comenta-se esta crise, por exemplo, apontando a<br>\nprecariedade das práticas de leitura, lamentando a falta<br>\nde familiaridade dos jovens com livros, reclamando da<br>\nfalta de bibliotecas em tantos municípios, do preço dos<br>\nlivros em livrarias, num nunca acabar de problemas e de<br>\ncarências. Mas, de um tempo para cá, pesquisas<br>\nacadêmicas vêm dizendo que talvez não seja exatamente<br>\nassim, que brasileiros leem, sim, só que leem livros que<br>\nas pesquisas tradicionais não levam em conta. E, também<br>\nde um tempo para cá, políticas educacionais têm tomado<br>\na peito investir em livros e em leitura.&nbsp;<br>\nLAJOLO, M. Disponível em: www.estadao.com.br.&nbsp;<br>\nAcesso em: 2 dez. 2013 (fragmento).&nbsp;<br>\n<br>\nOs falantes, nos textos que produzem, sejam orais ou<br>\nescritos, posicionam-se frente a assuntos que geram<br>\nconsenso ou despertam polêmica. No texto, a autora&nbsp;','No texto, a autora questiona a existência de uma crise de leitura e, com base nos dados de pesquisas acadêmicas, opina que não há uma real crise leitura entre os brasileiros porque eles \'leem livros que as pesquisas tradicionais não levam em conta\'.'),(68,5,'Era um dos meus primeiros dias na sala de música.&nbsp;<br>\nA fim de descobrirmos o que deveríamos estar fazendo<br>\nali, propus à classe um problema. Inocentemente<br>\nperguntei: — O que é música?&nbsp;<br>\nPassamos dois dias inteiros tateando em busca de uma<br>\ndefinição. Descobrimos que tínhamos de rejeitar todas<br>\nas definições costumeiras porque elas não eram<br>\nsuficiente mente abrangentes.&nbsp;<br>\nO simples fato é que, à medida que a crescente<br>\nmargem a que chamamos de vanguarda continua suas<br>\nexplorações pelas fronteiras do som, qualquer definição<br>\nse torna difícil. Quando John Cage abre a porta da sala<br>\nde concerto e encoraja os ruídos da rua a atravessar suas<br>\ncomposições, ele ventila a arte da música com conceitos<br>\nnovos e aparentemente sem forma.&nbsp;<br>\nSCHAFER, R. M. O ouvido pensante.&nbsp;<br>\nSão Paulo: Unesp, 1991 (adaptado).&nbsp;<br>\n<br>\nA frase “Quando John Cage abre a porta da sala de<br>\nconcerto e encoraja os ruídos da rua a atravessar suas<br>\ncomposições”, na proposta de Schafer de formular uma<br>\nnova conceituação de música, representa a&nbsp;','A frase representa a intenção do compositor de que sons extramusicais sejam parte integrante da música ao permitir a entrada de ruídos da rua na sala de concerto.'),(69,5,'<img alt=\'\' src=\'https://questionsstorage.blob.core.windows.net/question/1311711201418315.png\'><br>\nDisponível em: www.portaldapropaganda.com.br.&nbsp;<br>\nAcesso em: 28 jul. 2013.&nbsp;<br>\n<br>\nEssa propaganda defende a transformação social e a<br>\ndiminuição da violência por meio da palavra. Isso se<br>\nevidencia pela&nbsp;','A associação entre uma arma de fogo e um megafone mostra que a transformação social depende da voz do povo, da comunidade, pois esta atua como uma \'arma\', uma forma capaz de diminuir a violência por meio da palavra.<br>'),(70,5,'A forte presença de palavras indígenas e africanas e<br>\nde termos trazidos pelos imigrantes a partir do século XIX<br>\né um dos traços que distinguem o português do Brasil e o<br>\nportuguês de Portugal. Mas, olhando para a história dos<br>\nempréstimos que o português brasileiro recebeu de<br>\nlínguas europeias a partir do século XX, outra diferença<br>\ntambém aparece: com a vinda ao Brasil da família real<br>\nportuguesa (1808) e, particularmente, com a Indepen -<br>\ndência, Portugal deixou de ser o intermediário obrigatório<br>\nda assimilação desses empréstimos e, assim, Brasil e<br>\nPortugal começaram a divergir, não só por terem sofrido<br>\ninfluências diferentes, mas também pela maneira como<br>\nreagiram a elas.&nbsp;<br>\nILARI, R.; BASSO, R. O português da gente: a língua que<br>\nestudamos, a lingua que falamos. São Paulo: Contexto, 2006.&nbsp;<br>\n<br>\nOs empréstimos linguísticos, recebidos de diversas<br>\nlínguas, são importantes na constituição do português do<br>\nBrasil porque&nbsp;','Os empréstimos linguísticos são importantes na constituição do português do Brasil porque deixaram marcas da história vivida pela nação, como a colonização e a imigração. O português do Brasil, portanto, nasceu com a diversidade, pois é uma língua formada a partir das vozes de todos os que aqui habitavam e foram, a seu tempo, estabelecendo-se. A heterogeneidade se deve à linguagem adulterada, primeiramente, no momento em que os colonizadores precisaram estabelecer contato com os povos nativos. A outra contribuição linguística que enriqueceu a formação do português brasileiro foi o contato com o negro africano, uma vez que em 1538 iniciou-se o tráfico de africanos que foram trazidos para o Brasil.&nbsp;<br>'),(71,5,'TEXTO I&nbsp;<br>\nDitado popular é uma frase sentenciosa, concisa, de<br>\nverdade comprovada, baseada na secular experiência do<br>\npovo, exposta de forma poética, contendo uma norma de<br>\nconduta ou qualquer outro ensinamento.&nbsp;<br>\nWEITZEL, A. H. Folclore literário e linguístico.&nbsp;<br>\nJuiz de Fora: Esdeva, 1984 (fragmento).&nbsp;<br>\n<br>\nTEXTO II<br>\nRindo brincalhona, dando-lhe tapinhas nas costas,<br>\nprima Constança disse isto, dorme no assunto, ouça o<br>\ntravesseiro, não tem melhor conselheiro.&nbsp;<br>\nEnquanto prima Biela dormia no assunto, toda a casa<br>\nse alvoroçava.&nbsp;<br>\n[Prima Constança] ia rezar, pedir a Deus para<br>\niluminar prima Biela. Mas ia também tomar suas<br>\nprovidências. Casamento e mortalha, no céu se talha.<br>\nDeus escreve direito por linhas tortas. O que for soará.<br>\nDizia os ditados todos, procurando interpretar os<br>\ndesígnios de Deus, transformar os seus desejos nos<br>\ndesígnios de Deus. Se achava um instrumento de Deus.&nbsp;<br>\nDOURADO, A. Uma vida em segredo.&nbsp;<br>\nRio de Janeiro: FranciscoAlves, 1990 (fragmento).&nbsp;<br>\n<br>\nO uso que prima Constança faz dos ditados populares, no<br>\nTexto II, constitui uma maneira de utilizar o tipo de saber<br>\ndefinido no Texto I, porque','O uso que prima Constança faz dos ditados populares, no texto II, serve para justificar suas ações pois eles contêm uma norma de conduta ou qualquer ensinamento, como o conselho \'dorme no assunto, ouça o travesseiro, não tem melhor conselheiro\'.<br>'),(72,5,'Blog é concebido como um espaço onde o blogueiro é<br>\nlivre para expressar e discutir o que quiser na atividade da<br>\nsua escrita, com a escolha de imagens e sons que<br>\ncompõem o todo do texto veiculado pela internet, por<br>\nmeio dos posts. Assim, essa ferramenta deixa de ter como<br>\núnica função a exposição de vida e/ou rotina de alguém<br>\n— como em um diário pessoal —, função para qual serviu<br>\ninicialmente e que o popularizou, permitindo também que<br>\nseja um espaço para a discussão de ideias, trocas e<br>\ndivulgação de informações.&nbsp;<br>\nA produção dos blogs requer uma relação de troca, que<br>\nacaba unindo pessoas em torno de um ponto de interesse<br>\ncomum. A força dos blogs está em possibilitar que<br>\nqualquer pessoa, sem nenhum conhecimento técnico,<br>\npublique suas ideias e opiniões na web e que milhões de<br>\noutras pessoas publiquem comentários sobre o que foi<br>\nescrito, criando um grande debate aberto a todos.&nbsp;<br>\nLOPES, B. O. A linguagem dos blogs e as redes sociais.&nbsp;<br>\nDisponível em: www.fateczl.edu.br.&nbsp;Acesso em: 29 abro 2013 (adaptado).&nbsp;<br>\n<br>\nDe acordo com o texto, o blog ultrapassou sua função<br>\ninicial e vem se destacando como','O blog se tornou um espaço para exposição de ideias e circulação de ideias pois possibilita que \'qualquer pessoa, sem nenhum conhecimento técnico, publique suas ideias e opiniões na web e que milhões de outras pessoas publiquem comentários sobre o que foi escrito, criando um grande debate aberto a todos\'.<br>'),(73,5,'<img alt=\'\' src=\'https://questionsstorage.blob.core.windows.net/question/12417112014173843.png\'><br>\nScientific American Brasil, ano 11, n.º 134, jul. 2013 (adaptado).&nbsp;<br>\n<br>\nPara atingir o objetivo de recrutar talentos, esse texto<br>\npublicitário&nbsp;','Esse texto publicitário apresenta como estratégia a formação de um perfil por meio de perguntas que esboçam o perfil adequado de um candidado, fazendo o leitor interagir com o texto para respondê-las.'),(74,5,'O Brasil é sertanejo&nbsp;<br>\nQue tipo de música simboliza o Brasil? Eis uma<br>\nquestão discutida há muito tempo, que desperta opiniões<br>\nextremadas. Há fundamentalistas que desejam impor ao<br>\npúblico um tipo de som nascido das raízes socioculturais<br>\ndo país. O samba. Outros, igualmente nacionalistas,<br>\ndesprezam tudo aquilo que não tem estilo. Sonham com<br>\no império da MPB de Chico Buarque e Caetano Veloso.<br>\nUm terceiro grupo, formado por gente mais jovem, escuta<br>\ne cultiva apenas a música internacional, em todas as<br>\nvertentes. E mais ou menos ignora o resto.&nbsp;<br>\nA realidade dos hábitos musicais do brasileiro agora<br>\nestá claro, nada tem a ver com esses estereótipos. O<br>\ngênero que encanta mais da metade do país é o sertanejo,<br>\nseguido de longe pela MPB e pelo pagode. Outros<br>\ngêneros em ascensão, sobretudo entre as classes C, D e E,<br>\nsão o funk e o religioso, em especial o gospel. Rock e<br>\nmúsica eletrônica são músicas de minoria.&nbsp;<br>\nÉ o que demonstra uma pesquisa pioneira feita entre<br>\nagosto de 2012 e agosto de 2013 pelo Instituto Brasileiro<br>\nde Opinião Pública e Estatística (Ibope). A pesquisa<br>\nTribos musicais — o comportamento dos ouvintes de<br>\nrádio sob uma nova ótica faz um retrato do ouvinte<br>\nbrasileiro e traz algumas novidades. Para quem pensava<br>\nque a MPB e o samba ainda resistiam como baluartes da<br>\nnacionalidade, uma má notícia: os dois gêneros foram<br>\nsuperados em popularidade. O Brasil moderno não tem<br>\nmais o perfil sonoro dos anos 1970, que muitos gostariam<br>\nque se eternizasse. A cara musical do país agora é outra.&nbsp;<br>\nGIRON, L. A. Época, n. 805, out. 2013 (fragmento).&nbsp;<br>\n<br>\nO texto objetiva convencer o leitor de que a configuração<br>\nda preferência musical dos brasileiros não é mais a<br>\nmesma da dos anos 1970. A estratégia de argumentação<br>\npara comprovar essa posição baseia-se no(a)','Para comprovar essa posição, a argumentação se baseia nos resultados de uma pesquisa feita pelo Ibope, que trouxeram novidades no aspecto da popularidade, pois hoje a preferência é pelo sertanejo, e, de longe, pela MPB e pelo pagode.&nbsp;<br>'),(75,5,'Quando Deus redimiu da tirania&nbsp;<br>\nDa mão do Faraó endurecido&nbsp;<br>\nO Povo Hebreu amado, e esclarecido,&nbsp;<br>\nPáscoa ficou da redenção o dia.&nbsp;<br>\nPáscoa de flores, dia de alegria&nbsp;<br>\nÀquele Povo foi tão afligido&nbsp;<br>\nO dia, em que por Deus foi redimido;&nbsp;<br>\nErgo sois vós, Senhor, Deus da Bahia.&nbsp;<br>\nPois mandado pela alta Majestade&nbsp;<br>\nNos remiu de tão triste cativeiro,&nbsp;<br>\nNos livrou de tão vil calamidade.&nbsp;<br>\nQuem pode ser senão um verdadeiro&nbsp;<br>\nDeus, que veio estirpar desta cidade&nbsp;<br>\nO Faraó do povo brasileiro.&nbsp;<br>\nDAMASCENO. D. (Org.). Melhores poemas: Gregório de Matos.<br>\nSão Paulo: Globo. 2006.&nbsp;<br>\n<br>\nCom uma elaboração de linguagem e uma visão de<br>\nmundo que apresentam princípios barrocos, o soneto de<br>\nGregório de Matos apresenta temática expressa por&nbsp;<br>','Ao tratar da relação do governo com o povo, o soneto de Gregório de Matos apresenta temática expressa por crítica velada à forma de governo vigente pois mostra que o governador da Bahia, ou, o \'Deus da Bahia\', tratava os brasileiros com tirania da mesma forma que o Faraó tratava os gregos, por isso foi chamado de \'Faraó do povo brasileiro\', na última estrofe.<br>'),(76,5,'<img alt=\'\' src=\'https://questionsstorage.blob.core.windows.net/question/1201711201413242.png\'><br>\nO texto introduz uma reportagem a respeito do futuro da<br>\ntelevisão, destacando que as tecnologias a ela incorpora -<br>\ndas serão responsáveis por','As tecnologias novas, no caso, a nova tv, serão responsáveis por contemplar os desejos individuais com recursos de ponta, já ela \'ela permite assistir ao que você quer\'.<br>'),(77,5,'E se a água potável acabar? O que aconteceria se a<br>\nágua potável do mundo acabasse?&nbsp;<br>\nAs teorias mais pessimistas dizem que a água potável<br>\ndeve acabar logo, em 2050. Nesse ano, ninguém mais<br>\ntomará banho todo dia. Chuveiro com água só duas vezes<br>\npor semana. Se alguém exceder 55 litros de consumo<br>\n(metade do que a ONU recomenda), seu abastecimento<br>\nserá interrompido.&nbsp;Nos mercados, não haveria carne, pois,<br>\nse não há água para você, imagine para o gado.<br>\nGastam-se 43 mil litros de água para produzir 1 kg de carne.<br>\nMas, não é só ela que faltará. A Região Centro-Oeste do Brasil,<br>\nmaior produtor de grãos da América Latina em 2012,<br>\nnão conseguiria manter a produção. Afinal, no país,<br>\na agricultura e a agropecuária são, hoje, as maiores consumidores<br>\nde água, com mais de 70% do uso. Faltariam arroz, feijão, soja,<br>\nmilhos e outros grãos.<br>\nDisponível em: http://super.abrilcom.br. Acesso em: 30 jul. 2012.&nbsp;<br>\n<br>\nA língua portuguesa dispõe de vários recursos para<br>\nindicar a atitude do falante em relação ao conteúdo de seu<br>\nenunciado. No início do texto, o verbo “dever” contribui<br>\npara expressar<br>','O verbo \'dever\' contribui para expressar a imprecisão/possibilidade sobre a afirmação das teorias pessimistas em relação à água potável.<br>'),(78,5,'O exercício da crônica&nbsp;<br>\nEscrever prosa é uma arte ingrata. Eu digo prosa fiada,<br>\ncomo faz um cronista; não a prosa de um ficcionista, na<br>\nqual este é levado meio a tapas pelas personagens e<br>\nsituações que, azar dele, criou porque quis. Com um<br>\nprosador do cotidiano, a coisa fia mais fino. Senta-se ele<br>\ndiante de sua máquina, olha através da janela e busca<br>\nfundo em sua imaginação um fato qualquer, de<br>\npreferência colhido no noticiário matutino, ou da véspera,<br>\nem que, com as suas artimanhas peculiares, possa injetar<br>\num sangue novo. Se nada houver, resta-lhe o recurso de<br>\nolhar em torno e esperar que, através de um processo<br>\nassociativo, surja-lhe de repente a crônica, provinda dos<br>\nfatos e feitos de sua vida emocionalmente despertados<br>\npela concentração. Ou então, em última instância, recorrer<br>\nao assunto da falta de assunto, já bastante gasto, mas do<br>\nqual, no ato de escrever, pode surgir o inesperado.&nbsp;<br>\nMORAES, V. Para viver um grande amor: crônicas e poemas.&nbsp;<br>\nSão Paulo: Cia. das Letras, 1991.&nbsp;<br>\n<br>\nPredomina nesse texto a função da linguagem que se<br>\nconstitui','A função predominante nesse texto é a metalinguística pois o emissor explica um código usando o próprio código, ou seja, através da crônica, fala das dificuldades de escrever uma crônica.<br>'),(79,5,'A última edição deste periódico apresenta mais uma<br>\nvez tema relacionado ao tratamento dado ao lixo caseiro,<br>\naquele que produzimos no dia a dia. A informação agora<br>\npassa pelo problema do material jogado na estrada vicinal<br>\nque liga o município de Rio Claro ao distrito de Ajapi.<br>\nInfelizmente, no local em questão, a reportagem<br>\nencontrou mais uma forma errada de destinação do lixo:<br>\nmaterial atirado ao lado da pista como se isso fosse o<br>\nideal. Muitos moradores, por exemplo, retiram o lixo de<br>\nsuas residências e, em vez de um destino correto,<br>\nprocuram dispensá-lo em outras regiões. Uma situação<br>\nno mínimo incômoda. Se você sai de casa para jogar o<br>\nlixo em outra localidade, por que não o fazer no local<br>\nideal? É muita falta de educação achar que aquilo que não<br>\né correto para sua região possa ser para outra. A<br>\nreciclagem do lixo doméstico é um passo inteligente e de<br>\nconsciência. Olha o exemplo que passamos aos mais<br>\njovens! Quem aprende errado coloca em prática o errado.<br>\nUm perigo!&nbsp;<br>\nDisponível em: http://jornaldacidade.uol.com.br.<br>\nAcesso em: 10 ago. 2012 (adaptado).&nbsp;<br>\n<br>\nEsse editorial faz uma leitura diferenciada de uma notícia<br>\nveiculada no jornal. Tal diferença traz à tona uma das<br>\nfunções sociais desse gênero textual, que é&nbsp;','O editorial interpreta criticamente os fatos noticiados sobre o tratamento dado ao lixo caseiro e considerados relevantes para a opinião pública e mostra sempre seu posicionamento, como na seguinte passagem: \' É muita falta de educação achar que aquilo que não é correto para sua região possa ser para outra\'.<br>'),(80,5,'A História, mais ou menos&nbsp;<br>\nNegócio seguinte. Três reis magrinhos ouviram um piá<br>\nde que tinha nascido um Guri. Viram o cometa no Oriente<br>\ne tal e se flagraram que o Guri tinha pintado por lá. Os<br>\nprofetas, que não eram de dar cascata, já tinham dicado o<br>\ntroço: em Belém, da Judeia, vai nascer o Salvador, e tá<br>\nfalado. Os três magrinhos se mandaram. Mas deram o<br>\nmaior fora, Em vez de irem direto para Belém, como<br>\nmandava o catálogo, resolveram dar uma incerta no velho<br>\nHerodes, em Jerusalém, Pra quê! Chegaram lá de boca<br>\naberta e entregaram toda a trama. Perguntaram: Onde está<br>\no rei que acaba de nascer? Vimos sua estrela no Oriente<br>\ne viemos adorá-lo. Quer dizer, pegou mal. Muito mal. O<br>\nvelho Herodes, que era um oligão, ficou grilado. Que rei<br>\nera aquele? Ele é que era o dono da praça. Mas comeu em<br>\nboca e disse: Joia. Onde é que esse guri vai se apresentar?<br>\nEm que canal? Quem é o empresário? Tem baixo elétrico?<br>\nQuero saber tudo, Os magrinhos disseram que iam f1agrar<br>\no Guri e na volta dicavam tudo para o coroa.&nbsp;<br>\nVERISSIMO, L. F. O nariz e outras crônicas.&nbsp;<br>\nSão Paulo: Ática, 1994.<br>\n<br>\nNa crônica de Verissimo, a estratégia para gerar o efeito<br>\nde humor decorre do(a)','O efeito de humor decorre do contraste entre o tema abordado, o nascimento de Jesus, e a linguagem utilizada, pois usa-se a informal, nunca utilizada para tratar desse assunto.<br>'),(81,5,'Em bom português&nbsp;<br>\nNo Brasil, as palavras envelhecem e caem como<br>\nfolhas secas. Não é somente pela gíria que a gente é<br>\napanhada (aliás, já não se usa mais a primeira pessoa,<br>\ntanto do singular como do plural: tudo é “a gente”). A<br>\nprópria linguagem corrente vai-se renovando e a cada dia<br>\numa parte do léxico cai em desuso.&nbsp;<br>\nMinha amiga Lila, que vive descobrindo essas coisas,<br>\nchamou minha atenção para os que falam assim:&nbsp;<br>\n— Assisti a uma fita de cinema com um artista que<br>\nrepresenta muito bem.&nbsp;<br>\nOs que acharam natural essa frase, cuidado! Não<br>\nsaberão dizer que viram um filme com um ator que<br>\ntrabalha bem. E irão ao banho de mar em vez de ir à praia,<br>\nvestido de roupa de banho em vez de biquíni, carregando<br>\nguarda-sol em vez de barraca. Comprarão um automóvel<br>\nem vez de comprar um carro, pegarão um defluxo em vez<br>\nde um resfriado, vão andar no passeio em vez de passear<br>\nna calçada. Viajarão de trem de ferro e apresentarão sua<br>\nesposa ou sua senhora em vez de apresentar sua mulher.&nbsp;<br>\nSABINO. F. Folha de S.Paulo, 13 abr. 1984 (adaptado).&nbsp;<br>\n<br>\nA língua varia no tempo, no espaço e em diferentes<br>\nclasses socioculturais. O texto exemplifica essa<br>\ncaracterís tica da língua, evidenciando que&nbsp;','A constante mudança da língua é evidenciada no texto na comparação de gerações, pois mostra parte do léxico que caiu em desuso ao longo do tempo, ou seja, as palavras que usavam há anos atrás já não são faladas pois foram substituídas por outras, como \'fita de cinema\' e \'filme\'.<br>'),(82,5,'Cordel resiste à tecnologia gráfica&nbsp;<br>\nO Cariri mantém uma das mais ricas tradições da<br>\ncultura popular. É a literatura de cordel, que atravessa os<br>\nséculos sem ser destruída pela avalanche de modernidade<br>\nque invade o sertão lírico e telúrico. Na contramão do<br>\nprogresso, que informatizou a indústria gráfica, a Lira<br>\nNordestina, de Juazeiro do Norte, e a Academia dos<br>\nCordelistas do Crato conservam, em suas oficinas, velhas<br>\nmáquinas para impressão dos seus cordéis.&nbsp;<br>\nA chapa para impressão do cordel é feita à mão, letra<br>\npor letra, um trabalho artesanal que dura cerca de uma<br>\nhora para confecção de uma página. Em seguida, a chapa<br>\né levada para a impressora, também manual, para<br>\nimprimir. A manutenção desse sistema antigo de<br>\nimpressão faz parte da filosofia do trabalho. A outra etapa<br>\né a confecção da xilogravura para a capa do cordel.&nbsp;<br>\nAs xilogravuras são ilustrações populares obtidas por<br>\ngravuras talhadas em madeira. A origem da xilogravura<br>\nnordestina até hoje é ignorada. Acredita-se que os<br>\nmissionários portugueses tenham ensinado sua técnica<br>\naos índios, como uma atividade extra-catequese, partindo<br>\ndo princípio religioso que defende a necessidade de<br>\nocupar as mãos para que a mente não fique livre, sujeita<br>\naos maus pensamentos, ao pecado. A xilogravura<br>\nantecedeu ao clichê, placa fotomecanicamente gravada<br>\nem relevo sobre metal, usualmente zinco, que era<br>\nutilizada nos jornais impressos em rotoplanas.&nbsp;<br>\nVICELMO, A. Disponível em: www.onordeste.com.<br>\nAcesso em: 24 fev. 2013 (adaptado).&nbsp;<br>\n<br>\nA estratégia gráfica constituída pela união entre as<br>\ntécnicas da impressão manual e da confecção da<br>\nxilogravura na produção de folhetos de cordel&nbsp;','As técnicas da impressão manual e da confecção da xilogravura mantém uma das tradições mais ricas da cultura popular no Cariri.<br>'),(83,5,'Linotipos&nbsp;<br>\nO Museu da Imprensa exibe duas linotipos. Trata-se&nbsp;<br>\nde um tipo de máquina de composição de tipos de&nbsp;<br>\nchumbo, inventada em 1884 em Baltimore, nos Estados&nbsp;<br>\nUnidos, pelo alemão Ottmar Mergenthaler. O invento&nbsp;<br>\nfoi de grande importância por ter significado um novo&nbsp;<br>\ne fundamental avanço na história das artes gráficas.&nbsp;<br>\nA linotipia provocou, na verdade, uma revolução&nbsp;<br>\nporque venceu a lentidão da composição dos textos&nbsp;<br>\nexecutada na tipografia tradicional, em que o texto era&nbsp;<br>\ncomposto à mão, juntando tipos móveis um por um.&nbsp;<br>\nConstituía-se, assim, no principal meio de composição&nbsp;<br>\ntipográfica até 1950. A linotipo, a partir do final do&nbsp;<br>\nséculo XIX, passou a produzir impressos a baixo custo,&nbsp;<br>\no que levou informação às massas, democratizou a&nbsp;<br>\ninformação. Promoveu uma revolução na educação.&nbsp;<br>\nAntes da linotipo, os jornais e revistas eram escassos,&nbsp;<br>\ncom poucas páginas e caros. Os livros didáticos eram&nbsp;<br>\ntambém caros, pouco acessíveis.&nbsp;<br>\nDisponível em: http://portal.in.gov.br.&nbsp;<br>\nAcesso em: 23 fev. 2013 (adaptado).&nbsp;<br>\n<br>\nO texto apresenta um histórico da linotipo, uma máquina&nbsp;<br>\ntipográfica inventada no século XIX e responsável&nbsp;<br>\npela dinamização da imprensa. Em termos sociais, a&nbsp;<br>\ncontribuição da linotipo teve impacto direto na&nbsp;','<br>\nComo \'a linotipia provocou, na verdade, uma revolução porque venceu a lentidão da composição dos textos executada na tipografia tradicional\', sua contribução teve impacto direto na produção acessível de materiais informacionais, uma vez que &nbsp;levou informação às massas, democratizando a informação.'),(84,5,'Tarefa&nbsp;<br>\nMorder o fruto amargo e não cuspir&nbsp;<br>\nMas avisar aos outros quanto é amargo&nbsp;<br>\nCumprir o trato injusto e não falhar&nbsp;<br>\nMas avisar aos outros quanto é injusto&nbsp;<br>\nSofrer o esquema falso e não ceder&nbsp;<br>\nMas avisar aos outros quanto é falso&nbsp;<br>\nDizer também que são coisas mutáveis ...&nbsp;<br>\nE quando em muitos a não pulsar&nbsp;<br>\n— do amargo e injusto e falso por mudar —&nbsp;<br>\nentão confiar à gente exausta o plano&nbsp;<br>\nde um mundo novo e muito mais humano.&nbsp;<br>\nCAMPOS, G. Tarefa. Rio de Janeiro:&nbsp;<br>\nCivilização Brasileira, 1981.&nbsp;<br>\n<br>\nNa organização do poema, os empregos da conjunção&nbsp;<br>\n“mas” articulam, para além de sua função sintática,&nbsp;','<br>\nNa organização do poema, os empregos da conjunção \'mas\' articula a introdução do argumento mais forte de uma sequência: enquanto o eu lírico mostra que aceita, por exemplo, não cuspir um &nbsp;fruto amargo, o argumento mais forte é a necessidade que sente em avisar aos outros quanto é amargo. Ele vê esse aviso como tarefa, como observado no título.'),(85,5,'<img alt=\'\' src=\'https://questionsstorage.blob.core.windows.net/question/1061611201423389.png\'><br>\n<br>\nNa criação do texto, o chargista Iotti usa criativamente<br>\num intertexto: os traços reconstroem uma cena de<br>\nGuernica, painel de Pablo Picasso que retrata os horrores<br>\ne a destruição provocados pelo bombardeio a uma<br>\npequena cidade da Espanha. Na charge, publicada no<br>\nperíodo de carnaval, recebe destaque a figura do carro,<br>\nelemento introduzido por Iotti no intertexto. Além dessa<br>\nfigura, a linguagem verbal contribui para estabelecer um<br>\ndiálogo entre a obra de Picasso e a charge, ao explorar&nbsp;','&nbsp;A expressão \'quadro dramático\' é polissêmica pois refere-se tanto aos horrores e à destruição provocados pelo bombardeio a uma pequena cidade da Espanha quanto ao congestionamento nas estradas brasileiras devido ao intenso fluxo de veículos no Carnaval.<br>'),(86,5,'TEXTO I&nbsp;<br>\nJoão Guedes, um dos assíduos frequentadores do&nbsp;<br>\nboliche do capitão, mudara-se da campanha havia três&nbsp;<br>\nanos. Três anos de pobreza na cidade bastaram para o&nbsp;<br>\ndegradar. Ao morrer, não tinha um vintém nos bolsos e&nbsp;<br>\nfazia dois meses que saíra da cadeia, onde estivera preso&nbsp;<br>\npor roubo de ovelha.&nbsp;<br>\nA história de sua desgraça se confunde com a da&nbsp;<br>\nmaioria dos que povoam a aldeia de Boa Ventura, uma&nbsp;<br>\ncidadezinha distante, triste e precocemente envelhecida,&nbsp;<br>\nsituada nos confins da fronteira do Brasil com o Uruguai.&nbsp;<br>\nMARTINS. C. Porteira fechada. Porto Alegre:&nbsp;<br>\nMovimento. 2001 (fragmento).&nbsp;<br>\n<br>\nTEXTO II<br>\nComecei a procurar emprego, já topando o que desse&nbsp;<br>\ne viesse, menos complicação com os homens, mas não&nbsp;<br>\ntava fácil. Fui na feira, fui nos bancos de sangue, fui&nbsp;<br>\nnesses lugares que sempre dão para descolar algum,&nbsp;<br>\nfui de porta em porta me oferecendo de faxineiro, mas&nbsp;<br>\ntava todo mundo escabreado pedindo referências, e&nbsp;<br>\nreferências eu só tinha do diretor do presídio.&nbsp;<br>\nFONSECA. R. Feliz Ano Novo.&nbsp;<br>\nSão Paulo: Cia. das Letras. 1989 (fragmento).&nbsp;<br>\n<br>\nA oposição entre campo e cidade esteve entre as temáticas&nbsp;<br>\ntradicionais da literatura brasileira. Nos fragmentos dos&nbsp;<br>\ndois autores contemporâneos, esse embate incorpora um&nbsp;<br>\nelemento novo: a questão da violência e do desemprego.&nbsp;<br>\nAs narrativas apresentam confluência, pois nelas o(a)&nbsp;','A falta de oportunidades econômicas e educacionais na cidade, que exige sempre referências na horoa do emprego, dialoga com a pobreza das áreas pobres, alimentnando, assim, a criminalidade e violência.<br>'),(87,5,'Uso de suplementos alimentares por adolescentes&nbsp;<br>\nEvidências médicas sugerem que a suplementação&nbsp;<br>\nalimentar pode ser benéfica para um pequeno grupo de&nbsp;<br>\npessoas, aí incluídos atletas competitivos, cuja dieta não&nbsp;<br>\nseja balanceada. Tem-se observado que adolescentes&nbsp;<br>\nenvolvidos em atividade física ou atlética estão usando&nbsp;<br>\ncada vez mais tais suplementos. A prevalência desse uso&nbsp;<br>\nvaria entre os tipos de esportes, aspectos culturais, faixas&nbsp;<br>\netárias (mais comum em adolescentes) e sexo (maior&nbsp;<br>\nprevalência em homens). Poucos estudos se referem a&nbsp;<br>\nfrequência, tipo e quantidade de suplementos usados,&nbsp;<br>\nmas parece ser comum que as doses recomendadas&nbsp;<br>\nsejam excedidas.&nbsp;<br>\nA mídia é um dos importantes estímulos ao uso de&nbsp;<br>\nsuplementos alimentares ao veicular, por exemplo, o mito&nbsp;<br>\ndo corpo ideal. Em 2001, a indústria de suplementos&nbsp;<br>\nalimentares investiu globalmente US$ 46 bilhões&nbsp;<br>\nem propaganda, como meio de persuadir potenciais&nbsp;<br>\nconsumidores a adquirir seus produtos. Na adolescência,&nbsp;<br>\nperíodo de autoafirmação, muitos deles não medem&nbsp;<br>\nesforços para atingir tal objetivo.&nbsp;<br>\nALVES. C.; LIMA. R. J. Pediatr. v.85. n.º 4. 2009 (fragmento).&nbsp;<br>\n<br>\nSobre a associação entre a prática de atividades físicas e&nbsp;<br>\no uso de suplementos alimentares, o texto informa que a&nbsp;<br>\ningestão desses suplementos&nbsp;','O texto informa que adolescentes envolvidos em atividade física ou atlética estão usando cada vez mais suplementos e que essa ingestão é estimulada pela mídia, que veicula o mito do corpo ideal.<br>'),(88,5,'O boxe está perdendo cada vez mais espaço para&nbsp;<br>\num fenômeno relativamente recente do esporte, o MMA.&nbsp;<br>\nE o maior evento de Artes Marciais Mistas do planeta é o&nbsp;<br>\nUltimate Fighting Championship, ou simplesmente UFC.&nbsp;<br>\nO ringue, com oito cantos, foi desenhado para deixar&nbsp;<br>\nos lutadores com mais espaço para as lutas. Os atletas&nbsp;<br>\npodem usar as mãos e aplicar golpes de jiu-jitsu.Muitos podem<br>\nfalar que a modalidade é uma espécie de vale-tudo, mas isso já ficou&nbsp;<br>\nno passado: agora, a modalidade tem regras e acompanhamento médico obrigatório<br>\npara que o esporte apague o estigma negativo.<br>\nCORREIA. D. UFC: saiba como o MMA nocauteou o&nbsp;<br>\nboxe em oito golpes. Veja. 10 jun. 2011 (fragmento).&nbsp;<br>\n<br>\nO processo de modificação das regras do MMA retrata&nbsp;<br>\na tendência de redimensionamento de algumas práticas&nbsp;<br>\ncorporais, visando enquadrá-las em um determinado&nbsp;<br>\nformato. Qual o sentido atribuído a essas transformações&nbsp;<br>\nincorporadas historicamente ao MMA?<br>\n<br>','As transformações incorporadas historicamente ao MMA são importantes porque acabam com a ideia de que a modalidade é um \'vale-tudo\'. Assim, com regras e com acompanhamento médico obrigatório, o MMA, com as mudanças, preserva a integridade dos atletas e passa a ser enquadrado nno formato do esporte de espetáculo, delimitando, portanto, a violência das lutas.<br>'),(89,5,'eu acho um fato interessante ... né ... foi como meu pai<br>\ne minha mãe vieram se conhecer né que ... minha mãe<br>\nmorava no Piauí com toda família né meu ... meu avô ...<br>\nmaterno no caso ... era maquinista ... ele sofreu um<br>\nacidente ... infelizmente morreu ... minha mãe tinha cinco<br>\nanos ... né ... e o irmão mais velho dela ... meu padrinho<br>\n... tinha dezessete e ele foi obrigado a trabalhar ... foi<br>\ntrabalhar no banco ... e ... ele foi ... o banco... no caso ...<br>\nestava ... com um número de funcionários cheio e ele teve<br>\nque ir para outro local e pediu transferência prum local<br>\nmais perto de Parnaíba que era a cidade onde eles<br>\nmoravam e por engano o ... o ... escrivão entendeu Paraíba<br>\n... né ... e meu ... e minha família veio parar em Mossoró<br>\nque era exatamente o local mais perto onde tinha vaga pra<br>\nfuncionário do Banco do Brasil e:: ela foi parar na rua do<br>\nmeu pai... né ... e começaram a se conhecer ... namoraram<br>\nonze anos ... né ... pararam algum tempo ... brigaram ... é<br>\nlógico ... porque todo relacionamento tem uma briga ...<br>\nné ... e eu achei esse fato muito interessante porque foi<br>\numa coincidência incrível... né ... como vieram a se<br>\nconhecer... namoraram e hoje ... e até hoje estão juntos ...<br>\ndezessete anos de casados...&nbsp;<br>\nCUNHA, M. A. F. (Org.) Corpus discurso &amp; gramática: a língua<br>\nfalada e escrita na cidade do Natal. Natal: EdUFRN, 1998.&nbsp;<br>\n<br>\nNa transcrição de fala, há um breve relato de experiência&nbsp;<br>\npessoal, no qual se observa a frequente repetição de “né”.&nbsp;<br>\nEssa repetição é um(a)&nbsp;','A repetição do \'né\' é uma estratégia típica da língua oral e pode ser chamado de marcador conversacional por ser uma elemento típico da fala que não integra o conteúdo do texto, apresentando apenas valor tipicamente interacional.<br>'),(90,5,'<img alt=\'\' src=\'https://questionsstorage.blob.core.windows.net/question/1011611201423713.png\'><br>\nOs meios de comunicação podem contribuir para a&nbsp;<br>\nresolução de problemas sociais, entre os quais o da&nbsp;<br>\nviolência sexual infantil. Nesse sentido, a propaganda usa&nbsp;<br>\na metáfora do pesadelo para','A propaganda usa a metáfora do pesadelo para mostrar a proporção de abuso sexual contra meninas, que é uma angústia, um tormento, assim como um sonho ruim.'),(91,5,'Só há uma saída para a escola se ela quiser ser&nbsp;<br>\nmais bem-sucedida: aceitar a mudança da língua como&nbsp;<br>\num fato. Isso deve significar que a escola deve aceitar&nbsp;<br>\nqualquer forma da língua em suas atividades escritas?&nbsp;<br>\nNão deve mais corrigir? Não!&nbsp;<br>\nHá outra dimensão a ser considerada: de fato, no&nbsp;<br>\nmundo real da escrita, não existe apenas um português&nbsp;<br>\ncorreto, que valeria para todas as ocasiões: o estilo dos&nbsp;<br>\ncontratos não é o mesmo do dos manuais de instrução;&nbsp;<br>\no dos juízes do Supremo não é o mesmo do dos&nbsp;<br>\ncordelistas; o dos editoriais dos jornais não é o mesmo&nbsp;<br>\ndo dos cadernos de cultura dos mesmos jornais. Ou do&nbsp;<br>\nde seus colunistas.&nbsp;<br>\nPOSSENTl, S. Gramática na cabeça. Língua Portuguesa,&nbsp;<br>\nano 5.º, n.º 67, maio 2011 (adaptado).&nbsp;<br>\n<br>\nSírio Possenti defende a tese de que não existe um único&nbsp;<br>\n“português correto”. Assim sendo, o domínio da língua&nbsp;<br>\nportuguesa implica, entre outras coisas, saber&nbsp;','O domínio da língua portuguesa implica saber adequar as formas da língua a diferentes tipos de texto e contexto, porque o uso da linguagem depende da situação comunicativa em que se está inserido. Num contexto em que o falante está rodeado pela família ou pelos amigos, normalmente emprega-se uma linguagem informal, que permite, por exemplo, o uso de gírias. Diferentemente, a linguagem formal usada em situações de mais formalidade, como em um discurso público.&nbsp;<br>'),(92,5,'<img alt=\'\' src=\'https://questionsstorage.blob.core.windows.net/question/9916112014224551.png\'><br>\nOpportunity é o nome de um veículo explorador que&nbsp;<br>\naterrissou em Marte com a missão de enviar informações&nbsp;<br>\nà Terra. A charge apresenta uma crítica ao(à)&nbsp;','A charge apresenta uma crítica à circulação digital excessiva de autorretrato, ou seja, a selfie, que tem como particularidade ser tirada com o objetivo de ser compartilhada em uma rede social.<br>'),(93,5,'Em uma escala de 0 a 10, o Brasil está entre 3 e 4 no&nbsp;<br>\nquesito segurança da informação. “Estamos começando&nbsp;<br>\na acordar para o problema. Nessa história de espionagem&nbsp;<br>\ncorporativa, temos muita lição a fazer. Falta consciência&nbsp;<br>\ninstitucional e um longo aprendizado. A sociedade caiu&nbsp;<br>\nem si e viu que é uma coisa que nos afeta”, diz S.P.,&nbsp;<br>\npós-doutor em segurança da informação. Para ele, devem&nbsp;<br>\nser estabelecidos canais de denúncia para esse tipo de&nbsp;<br>\nsituação. De acordo com o conselheiro do Comitê Gestor&nbsp;<br>\nda Internet (CGI), o Brasil tem condições de desenvolver&nbsp;<br>\ntecnologia própria para garantir a segurança dos dados&nbsp;<br>\ndo país, tanto do governo quanto da população. “Há&nbsp;<br>\numa massa de conhecimento dentro das universidades&nbsp;<br>\ne em empresas inovadoras que podem contribuir&nbsp;<br>\npropondo medidas para que possamos mudar isso&nbsp;<br>\n[falta de segurança] no longo prazo”. Ele acredita que o&nbsp;<br>\ngoverno tem de usar o seu poder de compra de softwares<br>\ne hardwares para a área da segurança cibernética,&nbsp;<br>\nde forma a fomentar essas empresas, a produção de&nbsp;<br>\nconhecimento na área e a construção de uma cadeia de&nbsp;<br>\nprodução nacional.&nbsp;<br>\nSARRES, C. Disponível em: www.ebc.com.br&nbsp;<br>\nAcesso em: 22 nov. 2013 (adaptado).&nbsp;<br>\n<br>\nConsiderando-se o surgimento da espionagem corporativa&nbsp;<br>\nem decorrência do amplo uso da internet, o texto aponta<br>\numa necessidade advinda desse impacto, que se resume<br>\nem&nbsp;','<br>\nAo afirmar que \'o &nbsp;Brasil tem condições de desenvolver &nbsp;tecnologia própria para garantir a segurança dos dados tanto do governo quanto da população\', o autor do texto aponta a necessidade da promoção da indústria de segurança da informação.<br>'),(94,5,'Óia eu aqui de novo xaxando&nbsp;<br>\nÓia eu aqui de novo para xaxar&nbsp;<br>\nVou mostrar presses cabras&nbsp;<br>\nQue eu ainda dou no couro&nbsp;<br>\nIsso é um desaforo&nbsp;<br>\nQue eu não posso levar&nbsp;<br>\nQue eu aqui de novo cantando&nbsp;<br>\nQue eu aqui de novo xaxando&nbsp;<br>\nÓia eu aqui de novo mostrando&nbsp;<br>\nComo se deve xaxar&nbsp;<br>\nVem cá morena linda&nbsp;<br>\nVestida de chita&nbsp;<br>\nVocê é a mais bonita&nbsp;<br>\nDesse meu lugar&nbsp;<br>\nVai, chama Maria, chama Luzia&nbsp;<br>\nVai, chama Zabé, chama Raque&nbsp;<br>\nDiz que eu tou aqui com alegria&nbsp;<br>\nBARROS, A. Óia eu aqui de novo.&nbsp;<br>\nDisponível em: www.luizluagonzaga.mus.br.<br>\nAcesso em: 5 maio 2013 (fragmento).&nbsp;<br>\n<br>\nA letra da canção de Antônio de Barros manifesta&nbsp;<br>\naspectos do repertório linguístico e cultural do Brasil.&nbsp;<br>\nO verso que singulariza uma forma característica do&nbsp;<br>\nfalar popular regional é:&nbsp;','No verso \'Vou mostrar presses cabras\', a forma característica do falar popular regional é \'cabras\', usada no Nordeste para se referir a pessoas fortes, valentes.<br>'),(95,5,'TEXTO I&nbsp;<br>\nSeis estados zeram fila de espera&nbsp;<br>\npara transplante da córnea&nbsp;<br>\nSeis estados brasileiros aproveitaram o aumento no&nbsp;<br>\nnúmero de doadores e de transplantes feitos no primeiro&nbsp;<br>\nsemestre de 2012 no país e entraram para uma lista&nbsp;<br>\nprivilegiada: a de não ter mais pacientes esperando por&nbsp;<br>\numa córnea.&nbsp;<br>\nAté julho desse ano, Acre, Distrito Federal, Espírito&nbsp;<br>\nSanto, Paraná, Rio Grande do Norte e São Paulo&nbsp;<br>\neliminaram a lista de espera no transplante de córneas, de&nbsp;<br>\nacordo com balanço divulgado pelo Ministério da Saúde,&nbsp;<br>\nno Dia Nacional de Doação de Órgãos e Tecidos. Em&nbsp;<br>\n2011, só São Paulo e Rio Grande do Norte conseguiram&nbsp;<br>\nzerar essa fila.&nbsp;<br>\n<br>\nTEXTO II<br>\n<img alt=\'\' src=\'https://questionsstorage.blob.core.windows.net/question/961611201422321.png\'><br>\nA notícia e o cartaz abordam a questão da doação de&nbsp;<br>\nórgãos. Ao relacionar os dois textos, observa-se que o&nbsp;<br>\ncartaz é&nbsp;','O cartaz é complementar à notícia pois faz uma campanha a favor da doação de órgãos, suplementando a ideia passada no texto I: o aument no número de doadores.<br>'),(96,6,'Grande quantidade dos maus odores do nosso dia a dia&nbsp;está relacionada a compostos alcalinos. Assim, em vários&nbsp;desses casos, pode-se utilizar o vinagre, que contém entre&nbsp;3,5% e 5% de ácido acético, para diminuir ou eliminar o&nbsp;mau cheiro. Por exemplo, lavar as mãos com vinagre e&nbsp;depois enxaguá-las com água elimina o odor de peixe, já&nbsp;que a molécula de piridina (C<sub>5</sub>H<sub>5</sub>N) é uma das substâncias responsáveis pelo odor característico de peixe&nbsp;podre.&nbsp;<br>\nSILVA. V. A.; BENITE. A. M. C.; SOARES. M. H. F. B. Algo aquinão cheira bem… A química do mau cheiro. Quimica Nova na<br>\nEscola. v. 33. n. 1. fev. 2011 (adaptado).<br>\nA eficiência do uso do vinagre nesse caso se explica pela','A piridina tem caráter básico, por apresentar par de&nbsp;elétrons não ligante no átomo de nitrogênio do ciclo.<br>\n<img alt=\'\' src=\'https://questionsstorage.blob.core.windows.net/question/Sem título10112014183755.png\'><br>\nEla pode ser neutralizada pela reação com um ácido (no caso o ácido acético do vinagre) produzindo um sal sem odor.<br>\nC<sub>5</sub>H<sub>5</sub>N + H<sub>3</sub>CCOOH →(C<sub>5</sub>H<sub>5</sub>NH)<sup>+</sup> + (H<sub>3</sub>CCOO)<sup>–</sup><br>\n&nbsp;'),(97,6,'A liberação dos gases clorofluorcarbonos (CFCs) na&nbsp;atmosfera pode provocar depleção de ozônio (O<sub>3</sub>) na&nbsp;estratosfera. O ozônio estratosférico é responsável por&nbsp;absorver parte da radiação ultravioleta emitida pelo Sol,&nbsp;a qual é nociva aos seres vivos. Esse processo, na camada<br>\nde ozônio, é ilustrado simplificadamente na figura.&nbsp;<br>\n<img alt=\'\' src=\'https://questionsstorage.blob.core.windows.net/question/Sem título1011201418285.png\'><br>\nQuimicamente, a destruição do ozônio na atmosfera por&nbsp;gases CFCs é decorrência da','O consumo de ozônio (O3) se inicia com a reação com átomos de cloro, de acordo com a figura da questão.<br>\nAs reações químicas podem ser equacionadas, como<br>\nse segue:<br>\nCl +&nbsp; O<sub>3</sub>→ ClO +&nbsp; O<sub>2</sub><br>\nClO + O → O<sub>2</sub>&nbsp; + Cl<br>\n–––––––––––––––––––––––––––––––––––––––––<br>\nO<sub>3 </sub>+ O → 2O<sub>2</sub><br>\nOs átomos de cloro participam da reação e são regenerados no final, logo atuam como catalisadores. Os radicais ClO atuaram como intermediários do processo.'),(98,6,'O biodiesel não é classificado como uma substância pura,&nbsp;mas como uma mistura de ésteres derivados dos ácidos&nbsp;graxos presentes em sua matéria-prima. As propriedades&nbsp;do biodiesel variam com a composição do óleo vegetal&nbsp;ou gordura animal que lhe deu origem, por exemplo, o&nbsp;teor de ésteres saturados é responsável pela maior esta -bilidade do biodiesel frente à oxidação, o que resulta em&nbsp;aumento da vida útil do biocombustível. O quadro ilustra&nbsp;o teor médio de ácidos graxos de algumas fontes oleaginosas.&nbsp;<br>\n<img alt=\'\' src=\'https://questionsstorage.blob.core.windows.net/question/Sem título10112014182352.png\'><br>\nQual das fontes oleaginosas apresentadas produziria um&nbsp;biodiesel de maior resistência à oxidação?','A fonte oleagiosa que apresenta maior resistência à&nbsp;oxidação é a que possui menor teor de ácido graxo&nbsp;insaturado (oleico, linoleico e linolênico) e maior teor&nbsp;de ácido graxo saturado.<br>\nTeor de ácido graxo saturado<br>\nmilho: 13,7% (0,1 + 11,7 + 1,9)<br>\npalma: 58,3% (1,0 + 42,8 + 4,5)<br>\ncanola: 4,6% (0,2 + 3,5 + 0,9)<br>\nalgodão: 23,4% (07 + 20,1 + 2,6)<br>\namendoim: 14,4% (0,6 + 11,4 + 2,4)<br>\nNota: Na tabela, entre parêntesis, são dados o número&nbsp;de átomos de carbono e o número de duplas-ligações.'),(99,6,'A talidomida é um sedativo leve e foi muito utilizado no&nbsp;tratamento de náuseas, comuns no início da gravidez.<br>\nQuando foi lançada, era considerada segura para o uso de&nbsp;grávidas, sendo administrada como uma mistura racêmica&nbsp;composta pelos seus dois enantiômeros (R e S). Entretanto, não se sabia, na época, que o enantiômero S leva à&nbsp;malformação congênita, afetando principalmente o desenvolvimento normal dos braços e pernas do bebê.&nbsp;<br>\nCOELHO. F. A. S. Fármacos e quiralidade. Cadernos Temáticos de&nbsp;Química Nova na Escola, São Paulo. n. 3, maio 2001 (adaptado).&nbsp;<br>\nEssa malformação congênita ocorre porque esses enantiômeros&nbsp;','Os enantiômeros apresentam as mesmas propriedades&nbsp;físicas, exceto o desvio do plano da luz polarizada.<br>\nPodem ser separados e suas estruturas apresentam&nbsp;grupos funcionais iguais.<br>\nEssa malformação congênita ocorre porque esses&nbsp;enantiômeros interagem de maneira distinta com o&nbsp;organismo, isto é, os enantiômeros apresentam ação&nbsp;fisiológica diferente.<br>\nA mistura racêmica é mistura em partes iguais dos&nbsp;dois enantiômeros.'),(100,6,'A utilização de processos de biorremediação de resíduos gerados pela combustão incompleta de compostos orgânicos tem se tornado crescente, visando minimizar a poluição ambiental. Para a ocorrência de resíduos de naftaleno, algumas legislações limitam sua concentração em até 30 mg/kg para solo agrícola e 0,14 mg/L para água subterrânea. A quantificação desse resíduo foi realizada em diferentes ambientes, utilizando-se amostras de 500 g de solo e 100 mL de água, conforme apresentado no quadro.<br>\n<img alt=\'\' src=\'https://questionsstorage.blob.core.windows.net/question/Sem título10112014181455.png\'><br>\nO ambiente que necessita de biorremediação é o(a)&nbsp;<br>\n&nbsp;','Solo (I) →500g de solo:<br>\n1,0 . 10<sup>–2</sup>g –––––––– 500g de solo<br>\nx&nbsp; –––––––– 1000g de solo (1kg)<br>\nx = 2,0 . 10<sup>–2</sup>g = 20mg de naftaleno<br>\nSolo (II) →500g de solo:<br>\n2,0 . 10<sup>–2</sup>g –––––––– 500g de solo<br>\ny&nbsp; –––––––– 1000g de solo (1kg)<br>\ny = 4,0 . 10<sup>–2</sup>g = 40mg de naftaleno<br>\nÁgua (I) →100ml de água:<br>\n7,0 . 10<sup>–6</sup>g –––––––– 100mL de água<br>\nz&nbsp; –––––––– 1000mL de solo (1L)<br>\nz = 70 . 10<sup>–6</sup>g = 0,070mg de naftaleno<br>\nÁgua (II) →100ml de água:<br>\n8,0 . 10<sup>–6</sup>g –––––––– 100mL de água<br>\nw&nbsp; –––––––– 1000mL de água (1L)<br>\nw = 80 . 10<sup>–6</sup>g = 0,080mg de naftaleno<br>\nÁgua (III) →100ml de água:<br>\n9,0 . 10<sup>–6</sup>g –––––––– 100mL de água<br>\nt&nbsp; –––––––– 1000mL de água (1L)<br>\nt = 90 . 10<sup>–6</sup>g = 0,090mg de naftaleno<br>\nO único que ultrapassa o limite é o solo (II).'),(101,6,'A revelação das chapas de raios X gera uma solução que&nbsp;contém íons prata na forma de Ag(S<sub>2</sub>O<sub>3</sub>)<sub>2</sub><sup>3–</sup>. Para evitar a&nbsp;descarga desse metal no ambiente, a recuperação de prata&nbsp;metálica pode ser feita tratando eletroquimicamente essa&nbsp;solução com uma espécie adequada. O quadro apresenta&nbsp;semirreações de redução de alguns íons metálicos.<br>\n<img alt=\'\' src=\'https://questionsstorage.blob.core.windows.net/question/Sem título1011201418218.png\'><br>\nDas espécies apresentadas, a adequada para essa recuperação é','Para ocorrer a recuperação do íon bis (tiossulfato) argentato (I) ([Ag(S<sub>2</sub>O<sub>3</sub>)<sub>2</sub>]<sup>3–</sup>) é preciso utilizar uma espécie com menor potencial de redução padrão (E°) que o mesmo. Dos metais apresentados pela tabela, alumínio (Al), estanho (Sn) e zinco (Zn) poderiam reduzir o [Ag(S<sub>2</sub>O<sub>3</sub>)<sub>2</sub>]<sup>3–</sup>a prata metálica (Ag), entretanto apenas o estanho foi apresentado na forma metálica nas alternativas:<br>\n2 [Ag(S<sub>2</sub>O<sub>3</sub>)<sub>2</sub>]<sup>3–</sup><sub>(aq)</sub> + 2 e<sup>–</sup>→ 2 Ag<sub> (s)</sub> + 4 (S<sub>2</sub>O<sub>3</sub>)<sup>2–</sup><sub>(aq)&nbsp;&nbsp;&nbsp;&nbsp;&nbsp;&nbsp;&nbsp;&nbsp;&nbsp;&nbsp;&nbsp;&nbsp;&nbsp;&nbsp;&nbsp;&nbsp;&nbsp;&nbsp; </sub>+ 0,02 V<br>\nSn<sup>0</sup><sub>(s)</sub> → Sn<sup>2+</sup><sub>(aq)</sub> + 2 e<sup>–</sup> &nbsp;&nbsp;&nbsp;&nbsp;&nbsp;&nbsp;&nbsp;&nbsp;&nbsp;&nbsp;&nbsp;&nbsp;&nbsp;&nbsp;&nbsp;&nbsp;&nbsp;&nbsp;&nbsp;&nbsp;&nbsp;&nbsp;&nbsp;&nbsp;&nbsp;&nbsp;&nbsp;&nbsp;&nbsp;&nbsp;&nbsp;&nbsp;&nbsp;&nbsp;&nbsp;&nbsp;&nbsp;&nbsp;&nbsp;&nbsp;&nbsp;&nbsp;&nbsp;&nbsp;&nbsp;&nbsp;&nbsp;&nbsp;&nbsp; &nbsp;&nbsp;&nbsp;&nbsp;&nbsp;&nbsp;&nbsp;&nbsp;&nbsp;+ 0,14 V<br>\n–––––––––––––––––––––––––––––––––––––––––––––<br>\n2 [Ag(S<sub>2</sub>O<sub>3</sub>)<sub>2</sub>]<sup>3–</sup><sub>(aq)</sub> + Sn<sup>0</sup><sub>(s)</sub> →2 Ag<sub> (s)</sub> + Sn<sup>2+</sup><sub>(aq)</sub> + 4 (S<sub>2</sub>O<sub>3</sub>)<sup>2–</sup><sub>(aq)</sub> + 0,16 V<br>\nA voltagem positiva (+ 0,16 V) indica que a reação é espontânea.'),(102,6,'A capacidade de limpeza e a eficiência de um sabão dependem de sua propriedade de formar micelas estáveis, que arrastam com facilidade as moléculas impregnadas no material a ser limpo. Tais micelas têm em sua estrutura partes capazes de interagir com substâncias polares, como a água, e partes que podem interagir com substâncias apolares, como as gorduras e os óleos.<br>\nSANTOS, W. L P.; MÓL, G. S. (Coords.). Quimica e sociedade.<br>\nSão Paulo: Nova Geração, 2005 (adaptado).<br>\nA substância capaz de formar as estruturas mencionadas é&nbsp;','Os sabões são sais carboxílicos de cadeia carbônica longa. Desta forma, essas moléculas possuem uma parte hidrofóbica (apolar) e outra parte hidrofílica (polar):&nbsp;C<sub>17</sub>H<sub>33</sub>COONa<br>\nA molécula da alternativa A é um hidrocarboneto, portanto, é apolar.<br>\nAs moléculas das alternativas C e D possuem cadeias carbônicas pequenas, algo insuficiente para interagir de forma efetiva com as gorduras e os óleos.<br>\nA molécula da alternativa E é um éter com 8 átomos de C na cadeia carbônica e, portanto, possui baixa polaridade, algo insuficiente para interagir de forma efetiva com substâncias polares, como a água.'),(103,6,'O principal processo industrial utilizado na produção de&nbsp;fenol é a oxidação do cumeno (isopropilbenzeno). A&nbsp;equação mostra que esse processo envolve a formação do&nbsp;hidroperóxido de cumila, que em seguida é decom posto&nbsp;em fenol e acetona, ambos usados na indústria química&nbsp;como precursores de moléculas mais complexas. Após o&nbsp;processo de síntese, esses dois insumos devem ser&nbsp;separados para comercialização individual.&nbsp;<br>\n<img alt=\'\' src=\'https://questionsstorage.blob.core.windows.net/question/Sem título10112014174523.png\'><br>\nConsiderando as características físico-químicas dos dois&nbsp;insumos formados, o método utilizado para a separação&nbsp;da mistura, em escala industrial, é a&nbsp;','Temos ao final do processo industrial uma mistura de&nbsp;fenol e acetona que podem ser separados por&nbsp;destilação fracionada.<br>\nO fenol possui maior ponto de ebulição que a&nbsp;acetona, pois estabelece interações intermoleculares&nbsp;(ligação de hidrogênio) mais fortes que as das&nbsp;moléculas da acetona, além de possuir um peso molecular maior.'),(104,6,'Diesel é uma mistura de hidrocarbonetos que também apresenta enxofre em sua composição. Esse enxofre é um componente indesejável, pois o trióxido de enxofre gerado é um dos grandes causadores da chuva ácida.<br>\nNos anos 1980, não havia regulamentação e era utilizado óleo diesel com 13 000 ppm de enxofre. Em 2009, o diesel passou a ter 1 800 ppm de enxofre (S1800) e, em seguida, foi inserido no mercado o diesel S500 (500ppm).<br>\nEm 2012, foi difundido o diesel S50, com 50 ppm de enxofre em sua composição. Atualmente, é produzido um diesel com teores de enxofre ainda menores. Os impactos da má qualidade do óleo diesel brasileiro.<br>\nDisponível em: www.cnt.org.br.<br>\nAcesso em: 20 dez. 2012 (adaptado).<br>\nA substituição do diesel usado nos anos 1980 por aquele difundido em 2012 permitiu uma redução percentual de emissão de SO<sub>3</sub> de&nbsp;','1980: 13000 ppm de enxofre<br>\nEm 10<sup>6</sup>g de diesel temos 13000 g de enxofre.<br>\n2012: 50 ppm de enxofre<br>\nEm 10<sup>6</sup>g de diesel temos 50 g de enxofre<br>\nRedução de enxofre: 12950 g<br>\n13000 g ––––––– 100%<br>\n12950 g ––––––– x<br>\nx = 99,6%&nbsp;'),(105,6,'O estudo de compostos orgânicos permite aos analistas definir propriedades físicas e químicas responsáveis pelas características de cada substância descoberta. Um laboratório investiga moléculas quirais cuja cadeia carbônica seja insaturada, heterogênea e ramificada.<br>\nA fórmula que se enquadra nas características da molécula investigada é&nbsp;','Molécula quiral é aquela que possui, pelo menos um, átomo de carbono&nbsp;assimétrico ou quiral, isto é com 4 ligantes diferentes.A molécula quiral e apresenta&nbsp;cadeia&nbsp;carbônica insaturada, heterogênea e ramificada é:<br>\n<img alt=\'\' src=\'https://questionsstorage.blob.core.windows.net/question/Sem título10112014173335.jpg\'>'),(106,6,'A forma das moléculas, como representadas no papel,&nbsp;nem sempre é planar. Em um determinado fármaco, a&nbsp;molécula contendo um grupo não planar é biologicamente&nbsp;ativa, enquanto moléculas contendo substituintes planares&nbsp;são inativas.&nbsp;<br>\nO grupo responsável pela bioatividade desse fármaco é','Dentre as opções de respostas, temos que reparar na opção que apresenta um grupo não plano.<br>\nPodemos pensar que todos os compostos, são provenientes do metano (CH<sub>4</sub>), como mostrado na figura a seguir:<br>\n<img alt=\'\' src=\'https://questionsstorage.blob.core.windows.net/question/Sem título1011201417140.jpg\'><br>\nOs círculos vermelhos, mostra o grupo metil (CH<sub>3</sub>) que é proveniente do metano que perdeu um hidrogênio e deu lugar a um outro grupo. Esse grupo, que entrou no lugar do hidrogênio, que temos que verificar se ele é plano ou não.<br>\nDentre as opções, o único composto que não é plano é o da opção de letra A, pois os outros compostos possuem ligação dupla, e assim conferem uma geometria plana'),(107,6,'Grandes fontes de emissão do gás dióxido de enxofre são as indústrias de extração de cobre e níquel, em decorrência da oxidação dos minérios sulfurados.<br>\nPara evitar a liberação desses óxidos na atmosfera e a consequente formação da chuva ácida, o gás pode ser lavado, em um processo conhecido como dessulfurização, conforme mostrado na equação (1).<br>\nCaCO<sub>3(s)</sub> + SO<sub>2(g)</sub> →CaSO<sub>3(s)</sub> + CO<sub>2(g)</sub>&nbsp;&nbsp;&nbsp;&nbsp;&nbsp;&nbsp;&nbsp;&nbsp;&nbsp;&nbsp;&nbsp;&nbsp;&nbsp;&nbsp;&nbsp;&nbsp;&nbsp;&nbsp;&nbsp;&nbsp;&nbsp;&nbsp;&nbsp;&nbsp;&nbsp;&nbsp;&nbsp;&nbsp;&nbsp;&nbsp;&nbsp;&nbsp;&nbsp;&nbsp;&nbsp;&nbsp;&nbsp;&nbsp;&nbsp;&nbsp;&nbsp;&nbsp;&nbsp;&nbsp;&nbsp;&nbsp;&nbsp;&nbsp;&nbsp;&nbsp;&nbsp;&nbsp;&nbsp;&nbsp;&nbsp;&nbsp;&nbsp;&nbsp;&nbsp;&nbsp;&nbsp;&nbsp;&nbsp;&nbsp;&nbsp;&nbsp;&nbsp;&nbsp;&nbsp;&nbsp;&nbsp;&nbsp;&nbsp;&nbsp;&nbsp;&nbsp;&nbsp;&nbsp;&nbsp;&nbsp;&nbsp;&nbsp;&nbsp;&nbsp;&nbsp;&nbsp;&nbsp;&nbsp;&nbsp;&nbsp;&nbsp;&nbsp;&nbsp;&nbsp;&nbsp;&nbsp;&nbsp;&nbsp;&nbsp;&nbsp;&nbsp;&nbsp; (1)<br>\nPor sua vez, o sulfito de cálcio formado pode ser oxidado, com o auxílio do ar atmosférico, para a obtenção do sul -fato de cálcio, como mostrado na equação (2).<br>\nEssa etapa é de grande interesse porque o produto da reação, popularmente conhecido como gesso, é utilizado para fins agrícolas.<br>\n2 CaSO<sub>3(s)</sub> + O<sub>2(g)</sub> →2 CaSO<sub>4(s)</sub>&nbsp;&nbsp;&nbsp;&nbsp;&nbsp;&nbsp;&nbsp;&nbsp;&nbsp;&nbsp;&nbsp;&nbsp;&nbsp;&nbsp;&nbsp;&nbsp;&nbsp;&nbsp;&nbsp;&nbsp;&nbsp;&nbsp;&nbsp;&nbsp;&nbsp;&nbsp;&nbsp;&nbsp;&nbsp;&nbsp;&nbsp;&nbsp;&nbsp;&nbsp;&nbsp;&nbsp;&nbsp;&nbsp;&nbsp;&nbsp;&nbsp;&nbsp;&nbsp;&nbsp;&nbsp;&nbsp;&nbsp;&nbsp;&nbsp;&nbsp;&nbsp;&nbsp; &nbsp;&nbsp;&nbsp;&nbsp;&nbsp;&nbsp;&nbsp;&nbsp;&nbsp;&nbsp;&nbsp;&nbsp;&nbsp;&nbsp;&nbsp;&nbsp;&nbsp;&nbsp;&nbsp;&nbsp;&nbsp;&nbsp;&nbsp;&nbsp;&nbsp;&nbsp;&nbsp;&nbsp;&nbsp;&nbsp;&nbsp;&nbsp;&nbsp;&nbsp;&nbsp;&nbsp;&nbsp;&nbsp;&nbsp;&nbsp;&nbsp;&nbsp;&nbsp;&nbsp;&nbsp;&nbsp;&nbsp;&nbsp;&nbsp;&nbsp;&nbsp;&nbsp;&nbsp;&nbsp;&nbsp;&nbsp;&nbsp;&nbsp;&nbsp;&nbsp;&nbsp; (2)<br>\nAs massas molares dos elementos carbono, oxigênio, enxofre e cálcio são iguais a 12 g/mol, 16 g/mol, 32 g/mol e 40 g/mol, respectivamente.<br>\nBAIRD, C. Química ambiental. Porto Alegre:<br>\nBookman, 2002 (adaptado).<br>\nConsiderando um rendimento de 90% no processo, a massa de gesso obtida, em gramas, por mol de gás retido é mais próxima de','<br>\nPara calcularmos, precisamos encontrar a equação global, equação que some as duas equações.<br>\nEquação (1)<br>\nCaCO<sub>3(s)</sub> + SO<sub>2(g)</sub> →CaSO<sub>3(s)</sub> + CO<sub>2(g)</sub><br>\nDividindo a equação (2) por 2:<br>\nCaSO<sub>3(s)</sub> + 1/2 O<sub>2(g)</sub> →1 CaSO<sub>4(s)</sub><br>\nSomando as duas, temos:<br>\nCaCO<sub>3(s)</sub> + SO<sub>2(g)</sub> + 1/2 O<sub>2(g)</sub> → CaSO<sub>4(s)</sub> + CO<sub>2(g)</sub><br>\nPara cada mol de SO<sub>2(g)</sub> retido, será obtido 1 mol de CaSO<sub>4(s)</sub> com rendimento de 90%.<br>\nMassa molar CaSO<sub>4</sub> = (40 + 32 + 4 x 16) g/mol = 136 g/mol<br>\nComo o rendimento é de 90%, temos:<br>\n136 g –––––– 100%<br>\nx –––––– 90%<br>\nx = 122,4 g de CaSO<sub>4</sub>'),(108,6,'Visando minimizar impactos ambientais, a legislação brasileira determina que resíduos químicos lançados diretamente no corpo receptor tenham pH entre 5,0 e 9,0.<br>\nUm resíduo líquido aquoso gerado em um processo industrial tem concentração de íons hidroxila igual a 1,0 ×10<sup>–10</sup> mol/L. Para atender a legislação, um químico separou as seguintes substâncias, disponibilizadas no almoxarifado da empresa: CH<sub>3</sub>COOH, Na<sub>2</sub>SO<sub>4</sub>, CH<sub>3</sub>OH, K<sub>2</sub>CO<sub>3</sub> e NH<sub>4</sub>Cl.<br>\nPara que o resíduo possa ser lançado diretamente no corpo receptor, qual substância poderia ser empregada no ajuste do pH?&nbsp;','Cálculo do pH do resíduo líquido gerado<br>\n[OH<sup>–</sup>] = 1,0 . 10<sup>–10</sup> mol/L<br>\npOH = – log [OH<sup>–</sup>]<br>\npOH = – log 1,0 . 10<sup>–10</sup><br>\npOH = 10<br>\n<br>\nComo&nbsp;pH + pOH = 14,0, podemos calcular o pH:<br>\npH = 14,0 – 10,0 = 4,0<br>\nO resíduo apresenta caráter ácido e devemos adicionar substância de caráter básico para aumentar o pH para o valor desejado que é entre 5,0 e 9,0.<br>\nAnalisando as alternativas, temos:<br>\na) CH<sub>3</sub>COOH (ácido etanoico) →caráter ácido<br>\nb) Na<sub>2</sub>SO<sub>4 </sub>(sulfato de sódio) →sal derivado de ácido forte e base forte (sal neutro) que não se hidrolisa.<br>\nNão altera o pH do resíduo.<br>\nc) CH<sub>3</sub>OH (metanol) →álcool de caráter neutro:<br>\nNão irá alterar o pH do resíduo.<br>\nd) K<sub>2</sub>CO<sub>3 </sub>(carbonato de potássio) →sal de ácido fraco e base forte (Sal básico). Irá sofrer hidrólise alcalina formando íons OH<sup>–</sup> que irão neutralizar íons H<sup>+ </sup>do resíduo aumentando o pH do mesmo.<br>\ne) NH<sub>4</sub>Cl(cloreto de amônio) →sal de ácido forte e base fraca (sal ácido). Irá sofrer hidrólise ácida formando íons H<sup>+ </sup>diminuindo o pH do resíduo.'),(109,6,'Para impedir a contaminação microbiana do suprimento de água, deve-se eliminar as emissões de efluentes e, quando necessário, tratá-lo com desinfetante.<br>\nO ácido hipocloroso (HClO), produzido pela reação entre cloro e água, é um dos compostos mais empregados como desinfetante. Contudo, ele não atua somente como oxidante, mas também como um ativo agente de cloração.<br>\nA presença de matéria orgânica dissolvida no suprimento de água clorada pode levar à formação de clorofórmio (CHCl<sub>3</sub>) e outras espécies orgânicas cloradas tóxicas.<br>\nSPIRO. T. G.; STIGLlANI. W. M. Química ambiental.<br>\nSão Paulo: Pearson. 2009 (adaptado).<br>\n<br>\nVisando eliminar da água o clorofórmio e outras&nbsp;moléculas orgânicas, o tratamento adequado é a','Para eliminar o clorofórmio da água, primeiro temos que retirar a matéria orgânica da água, pois a materia orgânica que reage com o&nbsp;ácido hipocloroso e dá origem ao clorofórmio.<br>\nDentre as opções, a que elimina a matéria orgânica da água é a filtração com carvão ativo, pois o carvão ativo consegue adsorver em sua superficie a matéria orgânica.');
/*!40000 ALTER TABLE `questoes` ENABLE KEYS */;
UNLOCK TABLES;
/*!40103 SET TIME_ZONE=@OLD_TIME_ZONE */;

--
-- Table structure for table `ranking_usuario`
--

DROP TABLE IF EXISTS `ranking_usuario`;
/*!40101 SET @saved_cs_client     = @@character_set_client */;
/*!40101 SET character_set_client = utf8 */;
CREATE TABLE `ranking_usuario` (
  `ID` int(11) NOT NULL AUTO_INCREMENT,
  `ID_USUARIO` int(11) NOT NULL,
  `PONTUACAO` int(11) NOT NULL,
  PRIMARY KEY (`ID`),
  KEY `FK_USUARIO_idx` (`ID_USUARIO`),
  CONSTRAINT `FK_USUARIO` FOREIGN KEY (`ID_USUARIO`) REFERENCES `usuarios` (`ID`) ON DELETE NO ACTION ON UPDATE NO ACTION
) ENGINE=InnoDB AUTO_INCREMENT=2 DEFAULT CHARSET=utf8;
/*!40101 SET character_set_client = @saved_cs_client */;

--
-- Table structure for table `usuarios`
--

DROP TABLE IF EXISTS `usuarios`;
/*!40101 SET @saved_cs_client     = @@character_set_client */;
/*!40101 SET character_set_client = utf8 */;
CREATE TABLE `usuarios` (
  `ID` int(11) NOT NULL AUTO_INCREMENT,
  `EMAIL` varchar(200) NOT NULL,
  `NOME` varchar(300) NOT NULL,
  PRIMARY KEY (`ID`)
) ENGINE=InnoDB AUTO_INCREMENT=2 DEFAULT CHARSET=utf8;
/*!40101 SET character_set_client = @saved_cs_client */;
/*!40103 SET TIME_ZONE=@OLD_TIME_ZONE */;

/*!40101 SET SQL_MODE=@OLD_SQL_MODE */;
/*!40014 SET FOREIGN_KEY_CHECKS=@OLD_FOREIGN_KEY_CHECKS */;
/*!40014 SET UNIQUE_CHECKS=@OLD_UNIQUE_CHECKS */;
/*!40101 SET CHARACTER_SET_CLIENT=@OLD_CHARACTER_SET_CLIENT */;
/*!40101 SET CHARACTER_SET_RESULTS=@OLD_CHARACTER_SET_RESULTS */;
/*!40101 SET COLLATION_CONNECTION=@OLD_COLLATION_CONNECTION */;
/*!40111 SET SQL_NOTES=@OLD_SQL_NOTES */;

/*!40101 SET SQL_MODE=@OLD_SQL_MODE */;
/*!40014 SET FOREIGN_KEY_CHECKS=@OLD_FOREIGN_KEY_CHECKS */;
/*!40014 SET UNIQUE_CHECKS=@OLD_UNIQUE_CHECKS */;
/*!40101 SET CHARACTER_SET_CLIENT=@OLD_CHARACTER_SET_CLIENT */;
/*!40101 SET CHARACTER_SET_RESULTS=@OLD_CHARACTER_SET_RESULTS */;
/*!40101 SET COLLATION_CONNECTION=@OLD_COLLATION_CONNECTION */;
/*!40111 SET SQL_NOTES=@OLD_SQL_NOTES */;

-- Dump completed on 2016-05-25 21:56:29
